Team1,Team2,Eff1,Eff2,Off1,Off2,Def1,Def2,SOS_Eff1,SOS_Eff2,SOS_Off1,SOS_Off2,SOS_Def1,SOS_Def2,BPI_Off1,BPI_Off2,BPI_Def1,BPI_Def2,BPI1,BPI2,Score1,Score2,Eff_Diff,Score_Diff,Winner
North Carolina,Mount St. Mary's,30.22,-1.32,122.1,99.3,91.9,100.6,10.18,-5.35,108.0,101.6,97.8,106.9,19.2,-2.2,1.0,1.7,20.2,-0.5,113,74,31.54,39,0
American,Tennessee,1.67,22.17,107.9,116.2,106.3,94.0,-4.23,9.58,99.9,109.4,104.1,99.8,-3.0,13.3,3.8,2.8,0.8,16.1,57,72,-20.5,-15,1
Louisville,Boise St.,25.41,3.89,113.1,108.7,87.7,104.8,9.34,-2.64,108.4,103.3,99.0,105.9,7.1,8.3,9.1,-6.1,16.1,2.2,79,61,21.52,18,0
Washington St.,Winthrop,24.32,6.38,115.1,99.5,90.8,93.1,8.99,-1.01,109.0,105.1,100.0,106.1,1.1,-4.7,13.2,10.5,14.3,5.9,71,40,17.94,31,0
George Mason,Notre Dame,9.68,19.07,110.7,114.6,101.0,95.6,-0.57,6.88,102.6,107.5,103.2,100.6,2.0,10.6,4.8,1.6,6.7,12.2,50,68,-9.39,-18,1
Saint Joseph's,Oklahoma,14.32,14.47,115.1,109.5,100.8,95.1,5.81,9.45,106.9,108.3,101.1,98.9,6.1,2.6,3.2,6.9,9.3,9.5,64,72,-0.15000000000000036,-8,1
Butler,South Alabama,19.97,11.8,116.2,112.6,96.2,100.8,2.79,-2.07,104.3,103.1,101.5,105.2,3.3,4.0,9.2,2.1,12.5,6.1,81,61,8.169999999999998,20,0
Indiana,Arkansas,18.43,15.19,114.6,111.4,96.1,96.2,6.28,7.19,106.6,108.4,100.3,101.2,8.5,5.5,4.1,4.1,12.6,9.7,72,86,3.24,-14,1
Portland St.,Kansas,5.4,35.21,108.6,120.9,103.2,85.7,-3.5,9.57,102.7,109.2,106.2,99.6,3.8,12.4,-0.9,9.6,2.9,21.9,61,85,-29.810000000000002,-24,1
UMBC,Georgetown,3.86,25.56,113.2,115.2,109.3,89.7,-4.31,8.48,100.7,108.2,105.0,99.8,4.5,4.3,-2.2,12.9,2.3,17.2,47,66,-21.7,-19,1
Wisconsin,Cal St. Fullerton,26.68,8.47,113.5,112.3,86.8,103.9,7.35,-3.95,107.1,101.5,99.8,105.5,2.1,9.6,14.4,-4.9,16.5,4.7,71,56,18.21,15,0
Siena,Vanderbilt,7.99,12.65,108.6,112.3,100.7,99.6,-1.41,5.2,104.1,107.4,105.5,102.2,6.1,10.0,-1.0,-1.6,5.1,8.4,83,62,-4.66,21,0
Clemson,Villanova,22.03,14.21,114.0,109.2,91.9,95.0,9.53,9.14,109.3,108.9,99.8,99.8,10.2,5.6,4.5,3.4,14.7,9.0,69,75,7.82,-6,1
USC,Kansas St.,18.67,18.9,110.5,114.2,91.9,95.3,11.18,9.09,109.7,108.0,98.5,98.9,4.9,8.6,7.1,1.1,12.0,9.6,67,80,-0.22999999999999687,-13,1
Davidson,Gonzaga,23.61,19.05,117.0,114.5,93.4,95.5,3.36,2.57,105.2,104.0,101.8,101.5,9.5,8.1,5.3,2.9,14.8,11.0,82,76,4.559999999999999,6,0
Kent St.,UNLV,13.04,13.71,107.8,110.2,94.8,96.5,1.03,3.1,103.5,104.3,102.5,101.2,1.8,2.6,5.8,6.0,7.6,8.6,58,71,-0.6700000000000017,-13,1
UT Arlington,Memphis,-2.31,31.51,101.3,118.0,103.6,86.5,-4.81,5.83,99.5,107.0,104.3,101.1,0.8,11.3,-2.4,8.0,-1.5,19.3,63,87,-33.82,-24,1
Texas,Austin Peay,25.09,-0.3,120.6,104.6,95.5,104.9,10.37,-6.35,108.4,102.5,98.0,108.8,9.4,2.9,4.3,-1.8,13.7,1.1,74,54,25.39,20,0
Cornell,Stanford,4.41,22.75,110.1,113.6,105.7,90.9,-6.93,9.32,99.1,109.1,106.0,99.7,6.2,5.5,-2.5,8.6,3.6,14.1,53,77,-18.34,-24,1
Oral Roberts,Pittsburgh,10.27,19.91,104.7,116.5,94.5,96.6,-0.01,9.52,105.4,107.8,105.4,98.3,-0.9,7.2,6.5,6.0,5.6,13.3,63,82,-9.64,-19,1
Temple,Michigan St.,12.37,21.15,112.8,115.8,100.4,94.7,6.08,8.71,107.4,108.2,101.3,99.5,4.7,5.8,2.3,7.8,7.0,13.6,61,72,-8.78,-11,1
Marquette,Kentucky,22.16,10.01,115.3,107.8,93.1,97.8,8.62,6.74,107.9,107.4,99.3,100.7,8.3,1.0,5.9,6.4,14.2,7.4,74,66,12.15,8,0
Miami FL,Saint Mary's,15.38,14.66,112.5,109.2,97.1,94.6,7.78,0.11,106.7,103.4,98.9,103.3,8.1,5.1,2.2,3.9,10.4,9.0,78,64,0.7200000000000006,14,0
Mississippi St.,Oregon,16.77,15.66,108.2,118.8,91.5,103.1,6.22,10.56,108.1,108.9,101.8,98.4,5.5,11.0,5.5,-1.1,11.0,9.9,76,69,1.1099999999999994,7,0
UCLA,Mississippi Valley St.,29.94,-15.21,118.0,91.9,88.1,107.1,10.03,-11.0,109.3,96.7,99.3,107.7,7.9,-9.8,10.9,-2.1,18.9,-11.9,70,29,45.150000000000006,41,0
Duke,Belmont,26.4,3.53,116.3,109.7,89.9,106.2,10.06,-5.21,109.1,100.9,99.0,106.1,13.8,6.8,4.3,-4.2,18.2,2.6,71,70,22.869999999999997,1,0
Georgia,Xavier,8.08,22.05,104.3,117.3,96.2,95.2,7.55,6.94,108.5,108.1,101.0,101.2,0.4,7.9,4.9,6.4,5.3,14.3,61,73,-13.97,-12,1
Connecticut,San Diego,18.9,4.64,115.2,101.6,96.3,97.0,7.67,1.43,107.7,104.3,100.0,102.9,8.5,-1.7,3.8,3.7,12.3,2.0,69,70,14.259999999999998,-1,1
Drake,Western Kentucky,21.46,14.6,120.0,111.9,98.5,97.3,4.89,-0.85,105.5,103.3,100.6,104.2,5.4,7.5,4.9,0.6,10.3,8.2,99,101,6.860000000000001,-2,1
Baylor,Purdue,14.82,18.3,115.7,110.5,100.9,92.2,7.58,6.41,106.9,106.2,99.3,99.7,12.6,3.9,-4.8,6.0,7.8,9.9,79,90,-3.4800000000000004,-11,1
West Virginia,Arizona,21.29,19.14,114.6,116.4,93.3,97.3,9.0,12.72,108.5,110.3,99.5,97.6,8.9,6.6,7.7,4.1,16.6,10.7,75,65,2.1499999999999986,10,0
Texas A&M,BYU,19.93,15.76,112.3,107.4,92.3,91.7,8.28,1.47,107.4,104.2,99.1,102.7,4.1,4.6,8.2,3.6,12.3,8.2,67,62,4.17,5,0
North Carolina,Arkansas,30.22,15.19,122.1,111.4,91.9,96.2,10.18,7.19,108.0,108.4,97.8,101.2,19.2,5.5,1.0,4.1,20.2,9.7,108,77,15.03,31,0
Butler,Tennessee,19.97,22.17,116.2,116.2,96.2,94.0,2.79,9.58,104.3,109.4,101.5,99.8,3.3,13.3,9.2,2.8,12.5,16.1,71,76,-2.200000000000003,-5,1
Louisville,Oklahoma,25.41,14.47,113.1,109.5,87.7,95.1,9.34,9.45,108.4,108.3,99.0,98.9,7.1,2.6,9.1,6.9,16.1,9.5,78,48,10.94,30,0
Notre Dame,Washington St.,19.07,24.32,114.6,115.1,95.6,90.8,6.88,8.99,107.5,109.0,100.6,100.0,10.6,1.1,1.6,13.2,12.2,14.3,41,61,-5.25,-20,1
Kansas,UNLV,35.21,13.71,120.9,110.2,85.7,96.5,9.57,3.1,109.2,104.3,99.6,101.2,12.4,2.6,9.6,6.0,21.9,8.6,75,56,21.5,19,0
Georgetown,Davidson,25.56,23.61,115.2,117.0,89.7,93.4,8.48,3.36,108.2,105.2,99.8,101.8,4.3,9.5,12.9,5.3,17.2,14.8,70,74,1.9499999999999993,-4,1
Wisconsin,Kansas St.,26.68,18.9,113.5,114.2,86.8,95.3,7.35,9.09,107.1,108.0,99.8,98.9,2.1,8.6,14.4,1.1,16.5,9.6,72,55,7.780000000000001,17,0
Villanova,Siena,14.21,7.99,109.2,108.6,95.0,100.7,9.14,-1.41,108.9,104.1,99.8,105.5,5.6,6.1,3.4,-1.0,9.0,5.1,84,72,6.220000000000001,12,0
Memphis,Mississippi St.,31.51,16.77,118.0,108.2,86.5,91.5,5.83,6.22,107.0,108.1,101.1,101.8,11.3,5.5,8.0,5.5,19.3,11.0,77,74,14.740000000000002,3,0
Texas,Miami FL,25.09,15.38,120.6,112.5,95.5,97.1,10.37,7.78,108.4,106.7,98.0,98.9,9.4,8.1,4.3,2.2,13.7,10.4,75,72,9.709999999999999,3,0
Stanford,Marquette,22.75,22.16,113.6,115.3,90.9,93.1,9.32,8.62,109.1,107.9,99.7,99.3,5.5,8.3,8.6,5.9,14.1,14.2,82,81,0.5899999999999999,1,0
Michigan St.,Pittsburgh,21.15,19.91,115.8,116.5,94.7,96.6,8.71,9.52,108.2,107.8,99.5,98.3,5.8,7.2,7.8,6.0,13.6,13.3,65,54,1.2399999999999984,11,0
UCLA,Texas A&M,29.94,19.93,118.0,112.3,88.1,92.3,10.03,8.28,109.3,107.4,99.3,99.1,7.9,4.1,10.9,8.2,18.9,12.3,51,49,10.010000000000002,2,0
Duke,West Virginia,26.4,21.29,116.3,114.6,89.9,93.3,10.06,9.0,109.1,108.5,99.0,99.5,13.8,8.9,4.3,7.7,18.2,16.6,67,73,5.109999999999999,-6,1
Xavier,Purdue,22.05,18.3,117.3,110.5,95.2,92.2,6.94,6.41,108.1,106.2,101.2,99.7,7.9,3.9,6.4,6.0,14.3,9.9,85,78,3.75,7,0
San Diego,Western Kentucky,4.64,14.6,101.6,111.9,97.0,97.3,1.43,-0.85,104.3,103.3,102.9,104.2,-1.7,7.5,3.7,0.6,2.0,8.2,63,72,-9.96,-9,1
Washington St.,North Carolina,24.32,30.22,115.1,122.1,90.8,91.9,8.99,10.18,109.0,108.0,100.0,97.8,1.1,19.2,13.2,1.0,14.3,20.2,47,68,-5.899999999999999,-21,1
Tennessee,Louisville,22.17,25.41,116.2,113.1,94.0,87.7,9.58,9.34,109.4,108.4,99.8,99.0,13.3,7.1,2.8,9.1,16.1,16.1,60,79,-3.2399999999999984,-19,1
Kansas,Villanova,35.21,14.21,120.9,109.2,85.7,95.0,9.57,9.14,109.2,108.9,99.6,99.8,12.4,5.6,9.6,3.4,21.9,9.0,72,57,21.0,15,0
Davidson,Wisconsin,23.61,26.68,117.0,113.5,93.4,86.8,3.36,7.35,105.2,107.1,101.8,99.8,9.5,2.1,5.3,14.4,14.8,16.5,73,56,-3.0700000000000003,17,0
Michigan St.,Memphis,21.15,31.51,115.8,118.0,94.7,86.5,8.71,5.83,108.2,107.0,99.5,101.1,5.8,11.3,7.8,8.0,13.6,19.3,74,92,-10.360000000000003,-18,1
Stanford,Texas,22.75,25.09,113.6,120.6,90.9,95.5,9.32,10.37,109.1,108.4,99.7,98.0,5.5,9.4,8.6,4.3,14.1,13.7,62,82,-2.34,-20,1
UCLA,Western Kentucky,29.94,14.6,118.0,111.9,88.1,97.3,10.03,-0.85,109.3,103.3,99.3,104.2,7.9,7.5,10.9,0.6,18.9,8.2,88,78,15.340000000000002,10,0
Xavier,West Virginia,22.05,21.29,117.3,114.6,95.2,93.3,6.94,9.0,108.1,108.5,101.2,99.5,7.9,8.9,6.4,7.7,14.3,16.6,79,75,0.7600000000000016,4,0
North Carolina,Louisville,30.22,25.41,122.1,113.1,91.9,87.7,10.18,9.34,108.0,108.4,97.8,99.0,19.2,7.1,1.0,9.1,20.2,16.1,83,73,4.809999999999999,10,0
Kansas,Davidson,35.21,23.61,120.9,117.0,85.7,93.4,9.57,3.36,109.2,105.2,99.6,101.8,12.4,9.5,9.6,5.3,21.9,14.8,59,57,11.600000000000001,2,0
Memphis,Texas,31.51,25.09,118.0,120.6,86.5,95.5,5.83,10.37,107.0,108.4,101.1,98.0,11.3,9.4,8.0,4.3,19.3,13.7,85,67,6.420000000000002,18,0
UCLA,Xavier,29.94,22.05,118.0,117.3,88.1,95.2,10.03,6.94,109.3,108.1,99.3,101.2,7.9,7.9,10.9,6.4,18.9,14.3,76,57,7.890000000000001,19,0
Kansas,North Carolina,35.21,30.22,120.9,122.1,85.7,91.9,9.57,10.18,109.2,108.0,99.6,97.8,12.4,19.2,9.6,1.0,21.9,20.2,84,66,4.990000000000002,18,0
Memphis,UCLA,31.51,29.94,118.0,118.0,86.5,88.1,5.83,10.03,107.0,109.3,101.1,99.3,11.3,7.9,8.0,10.9,19.3,18.9,78,63,1.5700000000000003,15,0
Kansas,Memphis,35.21,31.51,120.9,118.0,85.7,86.5,9.57,5.83,109.2,107.0,99.6,101.1,12.4,11.3,9.6,8.0,21.9,19.3,75,68,3.6999999999999993,7,0
Morehead St.,Louisville,0.76,26.06,102.0,111.2,101.3,85.2,-1.9,9.57,103.6,108.6,105.5,99.0,-0.7,7.8,1.5,9.6,0.8,17.4,54,74,-25.299999999999997,-20,1
Robert Morris,Michigan St.,1.49,24.37,102.0,114.3,100.6,89.9,-7.27,12.33,99.3,109.4,106.5,97.1,1.2,7.8,1.5,6.1,2.7,14.0,62,77,-22.880000000000003,-15,1
North Dakota St.,Kansas,12.29,23.83,114.3,114.5,102.0,90.7,-1.6,8.83,103.1,107.9,104.7,99.1,10.8,8.8,-2.4,6.1,8.4,14.9,74,84,-11.54,-10,1
Wake Forest,Cleveland St.,18.88,11.96,111.6,105.3,92.7,93.3,7.66,3.76,107.5,104.6,99.9,100.9,11.7,-0.8,1.2,7.5,12.9,6.7,69,84,6.919999999999998,-15,1
Utah,Arizona,17.8,15.96,110.8,117.7,92.9,101.8,7.29,11.33,107.9,109.0,100.6,97.7,3.6,7.0,3.1,-0.2,6.7,6.8,71,84,1.8399999999999999,-13,1
West Virginia,Dayton,24.21,10.23,115.1,103.3,90.9,93.0,10.95,2.34,108.9,104.9,98.0,102.6,6.5,-0.4,10.0,7.3,16.6,6.9,60,68,13.98,-8,1
USC,Boston College,18.26,11.2,110.0,113.2,91.8,102.0,10.81,6.4,110.5,106.6,99.7,100.2,2.3,7.7,7.5,0.7,9.8,8.4,72,55,7.060000000000002,17,0
Ohio St.,Siena,16.34,11.93,113.3,110.3,96.9,98.4,9.46,0.91,107.7,102.4,98.2,101.5,2.9,8.9,6.8,-1.3,9.7,7.7,72,74,4.41,-2,1
Chattanooga,Connecticut,-4.04,29.25,104.3,116.0,108.4,86.8,-3.37,10.37,102.1,109.0,105.5,98.6,4.9,12.3,-6.9,6.4,-1.9,18.6,47,103,-33.29,-56,1
Cal St. Northridge,Memphis,5.18,28.67,102.2,112.8,97.0,84.2,0.26,4.73,104.0,105.5,103.7,100.8,4.3,8.1,-2.4,10.3,1.9,18.5,70,81,-23.490000000000002,-11,1
Missouri,Cornell,24.81,5.23,116.6,108.5,91.8,103.3,7.96,-5.58,106.4,99.0,98.4,104.6,12.9,4.8,2.9,0.6,15.8,5.4,78,59,19.58,19,0
Mississippi St.,Washington,11.55,22.09,107.8,113.1,96.2,91.0,4.96,10.18,105.3,109.4,100.3,99.2,5.7,11.8,1.1,-0.1,6.8,11.8,58,71,-10.54,-13,1
Purdue,Northern Iowa,21.84,9.7,110.5,110.6,88.7,100.9,8.94,3.1,107.2,104.7,98.3,101.6,5.6,0.8,8.0,4.5,13.5,5.3,61,56,12.14,5,0
Utah St.,Marquette,15.12,21.02,116.7,117.1,101.6,96.1,-0.47,8.22,103.2,107.8,103.6,99.5,2.8,10.6,3.9,1.3,6.7,11.8,57,58,-5.9,-1,1
Maryland,California,13.55,17.37,110.0,116.8,96.4,99.4,9.61,9.17,108.3,108.0,98.7,98.8,5.7,8.9,3.5,0.4,9.3,9.3,84,71,-3.8200000000000003,13,0
BYU,Texas A&M,20.1,15.01,114.0,113.1,93.9,98.1,4.57,7.85,105.4,107.1,100.9,99.3,8.0,3.9,2.2,3.8,10.1,7.8,66,79,5.090000000000002,-13,1
Pittsburgh,East Tennessee St.,28.96,5.67,121.2,106.4,92.3,100.7,10.11,-4.73,108.1,100.2,98.0,105.0,11.0,5.7,7.0,-2.0,18.1,3.7,72,62,23.29,10,0
Binghamton,Duke,-0.98,24.31,102.3,117.5,103.3,93.2,-5.64,10.23,99.6,108.5,105.3,98.3,0.9,11.3,-1.6,7.0,-0.7,18.4,62,85,-25.29,-23,1
Villanova,American,23.89,4.7,114.4,105.3,90.5,100.6,9.99,-6.34,108.9,97.6,98.9,104.0,10.5,-2.3,5.3,5.8,15.9,3.6,80,67,19.19,13,0
Portland St.,Xavier,4.04,20.24,109.2,111.0,105.1,90.8,-3.32,5.81,101.5,105.8,104.8,100.0,4.9,6.1,-1.9,7.3,3.1,13.5,59,77,-16.2,-18,1
Wisconsin,Florida St.,17.62,15.76,113.3,105.9,95.7,90.1,9.51,10.01,107.3,109.2,97.8,99.2,0.6,2.5,9.9,7.4,10.6,9.9,61,59,1.8600000000000012,2,0
VCU,UCLA,13.62,23.93,110.1,119.5,96.4,95.6,0.23,8.42,102.9,107.6,102.7,99.1,5.0,10.4,3.8,3.3,8.8,13.7,64,65,-10.31,-1,1
Texas,Minnesota,19.65,15.43,112.2,108.1,92.5,92.6,10.16,8.44,109.2,107.4,99.0,98.9,5.8,1.1,5.7,6.1,11.5,7.2,76,62,4.219999999999999,14,0
Oklahoma St.,Tennessee,18.33,16.48,116.4,115.1,98.1,98.7,10.46,9.4,108.8,107.9,98.4,98.5,12.3,11.1,-1.2,1.5,11.1,12.6,77,75,1.8499999999999979,2,0
Radford,North Carolina,-0.86,31.14,101.2,123.2,102.1,92.1,-4.54,9.91,101.0,108.2,105.5,98.3,2.0,20.3,-2.5,1.2,-0.5,21.5,58,101,-32.0,-43,1
Oklahoma,Morgan St.,24.59,0.99,118.3,100.1,93.7,99.1,9.49,-7.43,108.3,98.2,98.9,105.7,10.8,-2.4,3.7,2.4,14.5,0.0,82,54,23.6,28,0
Syracuse,Stephen F. Austin,22.21,6.52,117.0,97.0,94.8,90.4,11.46,-1.98,108.4,101.9,97.0,103.9,13.4,-5.4,0.4,10.8,13.8,5.5,59,44,15.690000000000001,15,0
Akron,Gonzaga,6.9,24.51,102.9,117.5,96.0,93.0,-1.6,4.63,100.9,105.1,102.5,100.5,0.4,12.8,5.4,2.6,5.8,15.4,64,77,-17.61,-13,1
Illinois,Western Kentucky,18.72,8.1,106.8,111.1,88.1,103.0,7.96,-0.6,106.5,102.2,98.6,102.8,0.7,3.9,11.3,-0.4,12.0,3.5,72,76,10.62,-4,1
Temple,Arizona St.,14.38,23.03,109.9,118.2,95.5,95.2,6.68,10.14,106.9,108.9,100.3,98.8,2.7,4.1,7.0,8.9,9.7,13.0,57,66,-8.65,-9,1
Michigan,Clemson,14.75,19.62,112.2,116.4,97.5,96.7,11.39,6.19,108.5,105.4,97.1,99.2,3.3,10.7,5.0,3.1,8.3,13.8,62,59,-4.870000000000001,3,0
LSU,Butler,14.86,15.78,111.5,110.3,96.6,94.5,3.5,2.51,104.6,103.0,101.1,100.5,6.2,2.3,3.9,8.6,10.1,10.9,75,71,-0.9199999999999999,4,0
Louisville,Siena,26.06,11.93,111.2,110.3,85.2,98.4,9.57,0.91,108.6,102.4,99.0,101.5,7.8,8.9,9.6,-1.3,17.4,7.7,79,72,14.129999999999999,7,0
USC,Michigan St.,18.26,24.37,110.0,114.3,91.8,89.9,10.81,12.33,110.5,109.4,99.7,97.1,2.3,7.8,7.5,6.1,9.8,14.0,69,74,-6.109999999999999,-5,1
Dayton,Kansas,10.23,23.83,103.3,114.5,93.0,90.7,2.34,8.83,104.9,107.9,102.6,99.1,-0.4,8.8,7.3,6.1,6.9,14.9,43,60,-13.599999999999998,-17,1
Cleveland St.,Arizona,11.96,15.96,105.3,117.7,93.3,101.8,3.76,11.33,104.6,109.0,100.9,97.7,-0.8,7.0,7.5,-0.2,6.7,6.8,57,71,-4.0,-14,1
Connecticut,Texas A&M,29.25,15.01,116.0,113.1,86.8,98.1,10.37,7.85,109.0,107.1,98.6,99.3,12.3,3.9,6.4,3.8,18.6,7.8,92,66,14.24,26,0
Memphis,Maryland,28.67,13.55,112.8,110.0,84.2,96.4,4.73,9.61,105.5,108.3,100.8,98.7,8.1,5.7,10.3,3.5,18.5,9.3,89,70,15.120000000000001,19,0
Marquette,Missouri,21.02,24.81,117.1,116.6,96.1,91.8,8.22,7.96,107.8,106.4,99.5,98.4,10.6,12.9,1.3,2.9,11.8,15.8,79,83,-3.789999999999999,-4,1
Washington,Purdue,22.09,21.84,113.1,110.5,91.0,88.7,10.18,8.94,109.4,107.2,99.2,98.3,11.8,5.6,-0.1,8.0,11.8,13.5,74,76,0.25,-2,1
Oklahoma St.,Pittsburgh,18.33,28.96,116.4,121.2,98.1,92.3,10.46,10.11,108.8,108.1,98.4,98.0,12.3,11.0,-1.2,7.0,11.1,18.1,76,84,-10.630000000000003,-8,1
Duke,Texas,24.31,19.65,117.5,112.2,93.2,92.5,10.23,10.16,108.5,109.2,98.3,99.0,11.3,5.8,7.0,5.7,18.4,11.5,74,69,4.66,5,0
Villanova,UCLA,23.89,23.93,114.4,119.5,90.5,95.6,9.99,8.42,108.9,107.6,98.9,99.1,10.5,10.4,5.3,3.3,15.9,13.7,89,69,-0.03999999999999915,20,0
Xavier,Wisconsin,20.24,17.62,111.0,113.3,90.8,95.7,5.81,9.51,105.8,107.3,100.0,97.8,6.1,0.6,7.3,9.9,13.5,10.6,60,49,2.6199999999999974,11,0
North Carolina,LSU,31.14,14.86,123.2,111.5,92.1,96.6,9.91,3.5,108.2,104.6,98.3,101.1,20.3,6.2,1.2,3.9,21.5,10.1,84,70,16.28,14,0
Michigan,Oklahoma,14.75,24.59,112.2,118.3,97.5,93.7,11.39,9.49,108.5,108.3,97.1,98.9,3.3,10.8,5.0,3.7,8.3,14.5,63,73,-9.84,-10,1
Arizona St.,Syracuse,23.03,22.21,118.2,117.0,95.2,94.8,10.14,11.46,108.9,108.4,98.8,97.0,4.1,13.4,8.9,0.4,13.0,13.8,67,78,0.8200000000000003,-11,1
Western Kentucky,Gonzaga,8.1,24.51,111.1,117.5,103.0,93.0,-0.6,4.63,102.2,105.1,102.8,100.5,3.9,12.8,-0.4,2.6,3.5,15.4,81,83,-16.410000000000004,-2,1
Louisville,Arizona,26.06,15.96,111.2,117.7,85.2,101.8,9.57,11.33,108.6,109.0,99.0,97.7,7.8,7.0,9.6,-0.2,17.4,6.8,103,64,10.099999999999998,39,0
Kansas,Michigan St.,23.83,24.37,114.5,114.3,90.7,89.9,8.83,12.33,107.9,109.4,99.1,97.1,8.8,7.8,6.1,6.1,14.9,14.0,62,67,-0.5400000000000027,-5,1
Purdue,Connecticut,21.84,29.25,110.5,116.0,88.7,86.8,8.94,10.37,107.2,109.0,98.3,98.6,5.6,12.3,8.0,6.4,13.5,18.6,60,72,-7.41,-12,1
Memphis,Missouri,28.67,24.81,112.8,116.6,84.2,91.8,4.73,7.96,105.5,106.4,100.8,98.4,8.1,12.9,10.3,2.9,18.5,15.8,91,102,3.860000000000003,-11,1
Xavier,Pittsburgh,20.24,28.96,111.0,121.2,90.8,92.3,5.81,10.11,105.8,108.1,100.0,98.0,6.1,11.0,7.3,7.0,13.5,18.1,55,60,-8.720000000000002,-5,1
Duke,Villanova,24.31,23.89,117.5,114.4,93.2,90.5,10.23,9.99,108.5,108.9,98.3,98.9,11.3,10.5,7.0,5.3,18.4,15.9,54,77,0.41999999999999815,-23,1
Gonzaga,North Carolina,24.51,31.14,117.5,123.2,93.0,92.1,4.63,9.91,105.1,108.2,100.5,98.3,12.8,20.3,2.6,1.2,15.4,21.5,77,98,-6.629999999999999,-21,1
Oklahoma,Syracuse,24.59,22.21,118.3,117.0,93.7,94.8,9.49,11.46,108.3,108.4,98.9,97.0,10.8,13.4,3.7,0.4,14.5,13.8,84,71,2.379999999999999,13,0
Michigan St.,Louisville,24.37,26.06,114.3,111.2,89.9,85.2,12.33,9.57,109.4,108.6,97.1,99.0,7.8,7.8,6.1,9.6,14.0,17.4,64,52,-1.6899999999999977,12,0
Missouri,Connecticut,24.81,29.25,116.6,116.0,91.8,86.8,7.96,10.37,106.4,109.0,98.4,98.6,12.9,12.3,2.9,6.4,15.8,18.6,75,82,-4.440000000000001,-7,1
Pittsburgh,Villanova,28.96,23.89,121.2,114.4,92.3,90.5,10.11,9.99,108.1,108.9,98.0,98.9,11.0,10.5,7.0,5.3,18.1,15.9,76,78,5.07,-2,1
Oklahoma,North Carolina,24.59,31.14,118.3,123.2,93.7,92.1,9.49,9.91,108.3,108.2,98.9,98.3,10.8,20.3,3.7,1.2,14.5,21.5,60,72,-6.550000000000001,-12,1
Connecticut,Michigan St.,29.25,24.37,116.0,114.3,86.8,89.9,10.37,12.33,109.0,109.4,98.6,97.1,12.3,7.8,6.4,6.1,18.6,14.0,73,82,4.879999999999999,-9,1
Villanova,North Carolina,23.89,31.14,114.4,123.2,90.5,92.1,9.99,9.91,108.9,108.2,98.9,98.3,10.5,20.3,5.3,1.2,15.9,21.5,69,83,-7.25,-14,1
Michigan St.,North Carolina,24.37,31.14,114.3,123.2,89.9,92.1,12.33,9.91,109.4,108.2,97.1,98.3,7.8,20.3,6.1,1.2,14.0,21.5,72,89,-6.77,-17,1
Kansas,Lehigh,31.85,-0.97,120.4,105.6,88.5,106.6,9.53,-10.02,108.2,96.8,98.7,106.8,13.4,4.3,7.8,-4.8,21.2,-0.6,90,74,32.82,16,0
UC Santa Barbara,Ohio St.,2.11,24.99,100.0,117.5,97.9,92.5,-1.0,7.88,102.8,106.3,103.8,98.4,-1.2,8.5,2.3,8.0,1.2,16.5,51,68,-22.88,-17,1
Georgetown,Ohio,22.64,8.25,116.8,107.3,94.2,99.0,11.55,0.76,109.0,103.1,97.4,102.3,8.3,5.9,6.2,-1.7,14.5,4.2,83,97,14.39,-14,1
Maryland,Houston,22.37,8.79,118.3,112.0,95.9,103.2,8.87,3.76,106.7,105.0,97.8,101.2,11.9,9.9,3.3,-4.6,15.2,5.3,89,77,13.580000000000002,12,0
New Mexico St.,Michigan St.,6.03,20.13,111.6,112.8,105.5,92.7,4.03,9.03,105.8,107.5,101.7,98.5,7.9,6.3,-6.5,5.9,1.4,12.2,67,70,-14.099999999999998,-3,1
San Diego St.,Tennessee,16.58,18.5,111.4,108.9,94.9,90.4,5.4,8.67,105.3,107.4,99.9,98.7,2.3,7.1,5.2,6.7,7.4,13.8,59,62,-1.9200000000000017,-3,1
Oklahoma St.,Georgia Tech,16.72,18.22,112.2,109.2,95.4,91.0,8.47,10.94,107.2,107.4,98.7,96.4,6.1,6.0,3.5,5.9,9.6,11.9,59,64,-1.5,-5,1
UNLV,Northern Iowa,16.56,18.87,110.6,109.6,94.0,90.8,4.08,4.08,104.8,105.7,100.7,101.6,5.9,-2.7,4.9,12.9,10.8,10.3,66,69,-2.3100000000000023,-3,1
Syracuse,Vermont,27.62,3.08,118.5,104.1,90.9,101.0,8.62,-6.32,108.5,98.8,99.8,105.1,13.4,1.0,5.5,1.2,18.8,2.2,79,56,24.54,23,0
North Texas,Kansas St.,-0.47,25.52,103.4,116.1,103.8,90.6,-5.87,11.99,99.9,109.5,105.7,97.5,2.1,11.3,-3.1,3.3,-0.9,14.5,62,82,-25.99,-20,1
Oakland,Pittsburgh,3.19,18.66,107.5,111.4,104.3,92.8,-2.75,7.87,101.6,107.7,104.4,99.8,6.4,3.0,-2.8,9.5,3.6,12.5,66,89,-15.47,-23,1
Murray St.,Vanderbilt,15.06,17.54,109.0,113.7,94.0,96.2,-5.78,8.14,100.2,107.1,106.0,99.0,4.6,9.2,6.3,3.4,10.9,12.7,66,65,-2.4799999999999986,1,0
UTEP,Butler,16.53,22.45,107.7,111.0,91.2,88.5,2.62,6.85,104.1,106.7,101.5,99.9,6.3,3.1,4.2,9.4,10.5,12.5,59,77,-5.919999999999998,-18,1
Xavier,Minnesota,20.87,17.97,115.5,112.0,94.6,94.1,8.04,8.37,106.2,107.7,98.2,99.3,11.9,6.6,1.6,6.2,13.4,12.8,65,54,2.900000000000002,11,0
BYU,Florida,23.27,15.23,117.3,113.0,94.0,97.8,3.88,7.75,104.9,106.6,101.0,98.8,12.6,5.9,1.8,4.9,14.4,10.8,99,92,8.04,7,0
Florida St.,Gonzaga,18.02,16.14,105.0,112.3,87.0,96.1,9.01,3.42,107.3,105.5,98.3,102.1,2.7,7.5,10.4,1.5,13.1,9.0,60,67,1.879999999999999,-7,1
East Tennessee St.,Kentucky,2.47,26.54,100.9,114.9,98.4,88.3,-1.26,7.06,102.1,106.5,103.3,99.5,-1.1,11.7,1.0,5.5,-0.1,17.2,71,100,-24.07,-29,1
West Virginia,Morgan St.,25.54,1.58,117.2,105.5,91.7,104.0,12.58,-7.71,110.0,98.2,97.5,105.9,7.8,5.5,8.7,-3.3,16.5,2.2,77,50,23.96,27,0
New Mexico,Montana,16.18,8.08,113.6,106.5,97.4,98.4,4.09,-2.21,105.0,103.4,100.9,105.6,7.3,-1.2,2.4,6.0,9.7,4.9,62,57,8.1,5,0
Wisconsin,Wofford,23.56,10.12,115.2,104.6,91.6,94.4,8.69,-1.55,107.9,102.2,99.2,103.8,2.3,-0.2,13.6,5.9,15.9,5.7,53,49,13.44,4,0
Cornell,Temple,15.92,20.12,117.4,107.8,101.5,87.7,-0.66,6.07,101.2,106.4,101.9,100.3,6.9,-1.1,3.6,13.1,10.5,12.0,78,65,-4.200000000000001,13,0
Washington,Marquette,18.19,19.65,111.7,115.1,93.6,95.5,6.97,9.05,106.7,108.0,99.7,98.9,10.8,6.4,0.5,6.2,11.4,12.6,80,78,-1.4599999999999973,2,0
Clemson,Missouri,19.28,19.99,110.9,111.5,91.6,91.5,8.76,8.17,106.3,107.1,97.6,98.9,7.2,9.1,6.3,4.6,13.4,13.7,78,86,-0.7099999999999973,-8,1
Texas,Wake Forest,20.75,14.12,113.9,107.1,93.1,93.0,9.01,10.51,107.2,107.4,98.2,96.9,12.3,6.4,1.9,3.1,14.2,9.5,80,81,6.630000000000001,-1,1
Duke,Arkansas Pine Bluff,33.29,-6.44,121.0,93.1,87.7,99.5,11.53,-7.62,107.9,96.4,96.4,104.0,12.8,-4.9,9.6,1.6,22.5,-3.3,73,44,39.73,29,0
Villanova,Robert Morris,21.24,-0.97,117.2,99.9,96.0,100.8,10.03,-7.18,108.7,98.1,98.7,105.3,14.5,-0.9,0.6,0.7,15.0,-0.2,73,70,22.209999999999997,3,0
Baylor,Sam Houston St.,24.95,7.42,119.2,110.2,94.3,102.7,10.59,-3.33,108.3,101.3,97.7,104.6,9.5,6.9,6.0,-1.2,15.4,5.7,68,59,17.53,9,0
Siena,Purdue,13.86,22.05,109.4,109.8,95.5,87.7,-0.51,8.81,100.9,107.8,101.4,99.0,7.5,5.6,2.1,9.3,9.6,14.9,64,72,-8.190000000000001,-8,1
Texas A&M,Utah St.,21.33,19.9,112.6,116.0,91.2,96.1,11.51,1.81,109.4,105.0,97.9,103.2,4.4,4.1,6.8,8.7,11.2,12.8,69,53,1.4299999999999997,16,0
Notre Dame,Old Dominion,17.71,17.51,119.4,107.8,101.7,90.3,6.28,3.17,106.5,105.0,100.2,101.9,8.4,0.3,1.1,11.0,9.4,11.3,50,51,0.1999999999999993,-1,1
Richmond,Saint Mary's,15.01,18.59,108.8,116.5,93.8,97.9,5.7,2.72,105.4,105.4,99.7,102.7,2.1,8.3,7.7,0.9,9.7,9.2,71,80,-3.58,-9,1
California,Louisville,22.15,16.91,119.6,114.5,97.4,97.6,9.03,8.87,106.5,107.8,97.5,99.0,11.3,9.1,0.5,3.3,11.7,12.4,77,62,5.239999999999998,15,0
Northern Iowa,Kansas,18.87,31.85,109.6,120.4,90.8,88.5,4.08,9.53,105.7,108.2,101.6,98.7,-2.7,13.4,12.9,7.8,10.3,21.2,69,67,-12.98,2,0
Ohio St.,Georgia Tech,24.99,18.22,117.5,109.2,92.5,91.0,7.88,10.94,106.3,107.4,98.4,96.4,8.5,6.0,8.0,5.9,16.5,11.9,75,66,6.77,9,0
Ohio,Tennessee,8.25,18.5,107.3,108.9,99.0,90.4,0.76,8.67,103.1,107.4,102.3,98.7,5.9,7.1,-1.7,6.7,4.2,13.8,68,83,-10.25,-15,1
Maryland,Michigan St.,22.37,20.13,118.3,112.8,95.9,92.7,8.87,9.03,106.7,107.5,97.8,98.5,11.9,6.3,3.3,5.9,15.2,12.2,83,85,2.240000000000002,-2,1
Syracuse,Gonzaga,27.62,16.14,118.5,112.3,90.9,96.1,8.62,3.42,108.5,105.5,99.8,102.1,13.4,7.5,5.5,1.5,18.8,9.0,87,65,11.48,22,0
Kansas St.,BYU,25.52,23.27,116.1,117.3,90.6,94.0,11.99,3.88,109.5,104.9,97.5,101.0,11.3,12.6,3.3,1.8,14.5,14.4,84,72,2.25,12,0
Pittsburgh,Xavier,18.66,20.87,111.4,115.5,92.8,94.6,7.87,8.04,107.7,106.2,99.8,98.2,3.0,11.9,9.5,1.6,12.5,13.4,68,71,-2.210000000000001,-3,1
Butler,Murray St.,22.45,15.06,111.0,109.0,88.5,94.0,6.85,-5.78,106.7,100.2,99.9,106.0,3.1,4.6,9.4,6.3,12.5,10.9,54,52,7.389999999999999,2,0
Kentucky,Wake Forest,26.54,14.12,114.9,107.1,88.3,93.0,7.06,10.51,106.5,107.4,99.5,96.9,11.7,6.4,5.5,3.1,17.2,9.5,90,60,12.42,30,0
West Virginia,Missouri,25.54,19.99,117.2,111.5,91.7,91.5,12.58,8.17,110.0,107.1,97.5,98.9,7.8,9.1,8.7,4.6,16.5,13.7,68,59,5.550000000000001,9,0
Washington,New Mexico,18.19,16.18,111.7,113.6,93.6,97.4,6.97,4.09,106.7,105.0,99.7,100.9,10.8,7.3,0.5,2.4,11.4,9.7,82,64,2.0100000000000016,18,0
Wisconsin,Cornell,23.56,15.92,115.2,117.4,91.6,101.5,8.69,-0.66,107.9,101.2,99.2,101.9,2.3,6.9,13.6,3.6,15.9,10.5,69,87,7.639999999999999,-18,1
California,Duke,22.15,33.29,119.6,121.0,97.4,87.7,9.03,11.53,106.5,107.9,97.5,96.4,11.3,12.8,0.5,9.6,11.7,22.5,53,68,-11.14,-15,1
Villanova,Saint Mary's,21.24,18.59,117.2,116.5,96.0,97.9,10.03,2.72,108.7,105.4,98.7,102.7,14.5,8.3,0.6,0.9,15.0,9.2,68,75,2.6499999999999986,-7,1
Old Dominion,Baylor,17.51,24.95,107.8,119.2,90.3,94.3,3.17,10.59,105.0,108.3,101.9,97.7,0.3,9.5,11.0,6.0,11.3,15.4,68,76,-7.439999999999998,-8,1
Purdue,Texas A&M,22.05,21.33,109.8,112.6,87.7,91.2,8.81,11.51,107.8,109.4,99.0,97.9,5.6,4.4,9.3,6.8,14.9,11.2,63,61,0.7200000000000024,2,0
Northern Iowa,Michigan St.,18.87,20.13,109.6,112.8,90.8,92.7,4.08,9.03,105.7,107.5,101.6,98.5,-2.7,6.3,12.9,5.9,10.3,12.2,52,59,-1.259999999999998,-7,1
Ohio St.,Tennessee,24.99,18.5,117.5,108.9,92.5,90.4,7.88,8.67,106.3,107.4,98.4,98.7,8.5,7.1,8.0,6.7,16.5,13.8,73,76,6.489999999999998,-3,1
Butler,Syracuse,22.45,27.62,111.0,118.5,88.5,90.9,6.85,8.62,106.7,108.5,99.9,99.8,3.1,13.4,9.4,5.5,12.5,18.8,63,59,-5.170000000000002,4,0
Kansas St.,Xavier,25.52,20.87,116.1,115.5,90.6,94.6,11.99,8.04,109.5,106.2,97.5,98.2,11.3,11.9,3.3,1.6,14.5,13.4,101,96,4.649999999999999,5,0
Kentucky,Cornell,26.54,15.92,114.9,117.4,88.3,101.5,7.06,-0.66,106.5,101.2,99.5,101.9,11.7,6.9,5.5,3.6,17.2,10.5,62,45,10.62,17,0
West Virginia,Washington,25.54,18.19,117.2,111.7,91.7,93.6,12.58,6.97,110.0,106.7,97.5,99.7,7.8,10.8,8.7,0.5,16.5,11.4,69,56,7.349999999999998,13,0
Duke,Purdue,33.29,22.05,121.0,109.8,87.7,87.7,11.53,8.81,107.9,107.8,96.4,99.0,12.8,5.6,9.6,9.3,22.5,14.9,70,57,11.239999999999998,13,0
Saint Mary's,Baylor,18.59,24.95,116.5,119.2,97.9,94.3,2.72,10.59,105.4,108.3,102.7,97.7,8.3,9.5,0.9,6.0,9.2,15.4,49,72,-6.359999999999999,-23,1
Tennessee,Michigan St.,18.5,20.13,108.9,112.8,90.4,92.7,8.67,9.03,107.4,107.5,98.7,98.5,7.1,6.3,6.7,5.9,13.8,12.2,69,70,-1.629999999999999,-1,1
Butler,Kansas St.,22.45,25.52,111.0,116.1,88.5,90.6,6.85,11.99,106.7,109.5,99.9,97.5,3.1,11.3,9.4,3.3,12.5,14.5,63,56,-3.0700000000000003,7,0
Kentucky,West Virginia,26.54,25.54,114.9,117.2,88.3,91.7,7.06,12.58,106.5,110.0,99.5,97.5,11.7,7.8,5.5,8.7,17.2,16.5,66,73,1.0,-7,1
Duke,Baylor,33.29,24.95,121.0,119.2,87.7,94.3,11.53,10.59,107.9,108.3,96.4,97.7,12.8,9.5,9.6,6.0,22.5,15.4,78,71,8.34,7,0
Michigan St.,Butler,20.13,22.45,112.8,111.0,92.7,88.5,9.03,6.85,107.5,106.7,98.5,99.9,6.3,3.1,5.9,9.4,12.2,12.5,50,52,-2.3200000000000003,-2,1
West Virginia,Duke,25.54,33.29,117.2,121.0,91.7,87.7,12.58,11.53,110.0,107.9,97.5,96.4,7.8,12.8,8.7,9.6,16.5,22.5,57,78,-7.75,-21,1
Butler,Duke,22.45,33.29,111.0,121.0,88.5,87.7,6.85,11.53,106.7,107.9,99.9,96.4,3.1,12.8,9.4,9.6,12.5,22.5,59,61,-10.84,-2,1
UTSA,Ohio St.,-5.32,33.47,101.8,125.0,107.1,91.5,-5.71,8.82,100.3,108.9,106.1,100.0,-1.9,11.4,-2.9,10.4,-4.8,21.8,46,75,-38.79,-29,1
LIU Brooklyn,North Carolina,5.43,22.18,109.6,111.8,104.2,89.6,-6.02,11.14,99.7,109.9,105.8,98.8,9.8,11.2,-6.7,4.2,3.1,15.4,87,102,-16.75,-15,1
Indiana St.,Syracuse,5.45,22.49,102.8,114.9,97.4,92.4,3.4,9.03,105.8,108.3,102.4,99.3,0.1,7.2,3.4,7.3,3.6,14.6,60,77,-17.04,-17,1
Princeton,Kentucky,9.09,25.82,107.2,117.8,98.1,92.0,-0.72,9.81,104.0,108.4,104.7,98.5,0.1,8.7,4.6,7.8,4.6,16.5,57,59,-16.73,-2,1
Clemson,West Virginia,18.16,20.11,109.6,114.9,91.5,94.8,6.99,12.7,106.7,111.0,99.7,98.3,2.3,4.5,8.4,8.4,10.7,12.9,78,84,-1.9499999999999993,-6,1
Marquette,Xavier,18.14,16.02,115.5,112.8,97.3,96.8,11.06,4.49,109.4,105.4,98.4,100.9,8.1,5.2,3.0,5.3,11.1,10.5,66,55,2.120000000000001,11,0
Washington,Georgia,21.69,12.24,117.7,108.2,96.0,95.9,7.21,5.83,106.9,106.2,99.7,100.4,13.7,3.5,-0.2,5.8,13.5,9.4,68,65,9.450000000000001,3,0
Villanova,George Mason,17.83,18.3,114.9,114.1,97.0,95.8,9.07,2.06,108.3,105.0,99.3,103.0,7.1,5.5,5.2,5.6,12.4,11.1,57,61,-0.4700000000000024,-4,1
Hampton,Duke,-4.21,28.42,94.4,119.7,98.7,91.3,-10.7,8.43,97.4,107.3,108.1,98.9,-4.8,13.7,2.0,5.3,-2.9,19.0,45,87,-32.63,-42,1
Northern Colorado,San Diego St.,4.05,24.98,106.3,114.1,102.2,89.1,-2.41,7.48,102.4,107.6,104.8,100.1,1.9,6.6,-0.1,9.0,1.8,15.6,50,68,-20.93,-18,1
Connecticut,Bucknell,23.93,6.57,115.8,105.8,91.9,99.2,12.78,-3.41,110.1,102.7,97.4,106.1,6.8,-0.2,5.0,3.5,11.8,3.3,81,52,17.36,29,0
Texas,Oakland,25.93,13.31,115.5,118.6,89.6,105.3,7.61,2.01,107.5,106.0,99.9,104.0,8.0,13.4,8.1,-6.1,16.1,7.3,85,81,12.62,4,0
Arizona,Memphis,19.65,6.98,117.4,104.5,97.8,97.6,7.69,2.11,107.7,104.8,100.0,102.7,9.7,4.5,3.0,1.3,12.7,5.8,77,75,12.669999999999998,2,0
Missouri,Cincinnati,15.54,19.41,113.4,111.1,97.8,91.7,6.5,6.23,106.9,106.8,100.4,100.6,11.1,2.1,0.4,8.8,11.6,10.9,63,78,-3.870000000000001,-15,1
Temple,Penn St.,16.84,14.88,110.5,113.1,93.7,98.3,4.04,12.46,105.5,110.7,101.5,98.3,4.1,-0.4,6.6,7.9,10.7,7.5,66,64,1.959999999999999,2,0
Tennessee,Michigan,12.41,17.69,108.0,112.8,95.6,95.1,9.07,12.0,108.6,110.7,99.6,98.7,4.4,1.4,4.7,7.7,9.0,9.1,45,75,-5.280000000000001,-30,1
Boston University,Kansas,-0.5,28.38,103.4,118.9,103.9,90.6,-4.62,7.75,100.5,108.2,105.1,100.5,-1.6,13.3,1.7,6.5,0.1,19.8,53,72,-28.88,-19,1
Akron,Notre Dame,4.09,23.25,103.7,120.9,99.6,97.7,-1.7,9.92,102.5,108.2,104.2,98.3,1.2,9.8,1.9,4.2,3.0,14.0,56,69,-19.16,-13,1
Purdue,Saint Peter's,24.79,2.73,115.9,95.2,91.1,92.5,10.16,0.88,108.8,103.2,98.7,102.3,7.1,-6.0,9.1,7.6,16.2,1.6,65,43,22.06,22,0
Louisville,Morehead St.,22.26,7.01,111.4,105.6,89.2,98.6,8.77,-2.89,108.3,102.2,99.5,105.1,8.0,-0.1,5.9,5.1,13.9,5.0,61,62,15.250000000000002,-1,1
Richmond,Vanderbilt,16.01,17.33,112.6,116.6,96.5,99.2,3.11,6.66,104.8,106.5,101.7,99.8,2.8,9.1,7.4,3.5,10.2,12.7,69,66,-1.3199999999999967,3,0
VCU,Georgetown,13.49,17.65,112.0,114.2,98.5,96.6,4.79,12.51,105.8,110.2,101.0,97.7,6.6,5.8,1.6,5.9,8.2,11.7,74,56,-4.159999999999998,18,0
Florida St.,Texas A&M,16.76,14.62,104.5,110.0,87.7,95.4,7.01,5.43,107.1,105.9,100.1,100.5,2.3,1.1,8.3,8.7,10.5,9.8,57,50,2.1400000000000023,7,0
UNLV,Illinois,17.75,20.14,110.6,113.3,92.9,93.1,5.99,12.29,106.2,110.6,100.2,98.3,5.9,6.4,6.4,6.1,12.2,12.5,62,73,-2.3900000000000006,-11,1
UNC Asheville,Pittsburgh,1.91,27.08,101.9,120.6,100.0,93.5,-3.97,8.17,101.1,107.6,105.1,99.4,2.6,8.8,-1.7,9.4,0.9,18.2,51,74,-25.169999999999998,-23,1
UC Santa Barbara,Florida,3.15,20.61,103.7,115.8,100.5,95.2,0.29,7.73,104.1,106.8,103.9,99.1,-1.3,8.6,2.3,6.5,0.9,15.1,51,79,-17.46,-28,1
Wofford,BYU,8.17,23.22,112.3,117.5,104.2,94.3,-0.59,7.04,104.0,106.8,104.6,99.8,4.7,13.2,0.6,0.8,5.3,14.0,66,74,-15.049999999999999,-8,1
Wisconsin,Belmont,25.84,18.48,122.3,112.6,96.5,94.1,10.81,-4.71,110.0,100.5,99.2,105.2,3.7,9.1,12.2,4.4,16.0,13.5,72,58,7.359999999999999,14,0
Kansas St.,Utah St.,17.42,19.32,111.1,111.2,93.6,91.8,9.23,-0.29,108.5,103.8,99.3,104.1,5.8,2.9,5.1,8.5,10.8,11.4,73,68,-1.8999999999999986,5,0
St. John's,Gonzaga,15.87,16.45,111.2,112.1,95.3,95.6,10.98,3.82,110.0,106.4,99.0,102.6,4.0,7.9,4.7,2.4,8.6,10.3,71,86,-0.5800000000000001,-15,1
UCLA,Michigan St.,13.57,15.08,108.7,109.5,95.1,94.4,6.92,13.7,107.3,111.0,100.4,97.3,3.3,4.6,2.7,5.0,6.0,9.7,78,76,-1.5099999999999998,2,0
Butler,Old Dominion,16.46,14.66,112.3,110.0,95.9,95.4,6.11,2.38,106.4,105.2,100.3,102.8,5.0,-0.5,5.2,10.0,10.2,9.5,60,58,1.8000000000000007,2,0
Ohio St.,George Mason,33.47,18.3,125.0,114.1,91.5,95.8,8.82,2.06,108.9,105.0,100.0,103.0,11.4,5.5,10.4,5.6,21.8,11.1,98,66,15.169999999999998,32,0
North Carolina,Washington,22.18,21.69,111.8,117.7,89.6,96.0,11.14,7.21,109.9,106.9,98.8,99.7,11.2,13.7,4.2,-0.2,15.4,13.5,86,83,0.48999999999999844,3,0
Marquette,Syracuse,18.14,22.49,115.5,114.9,97.3,92.4,11.06,9.03,109.4,108.3,98.4,99.3,8.1,7.2,3.0,7.3,11.1,14.6,66,62,-4.349999999999998,4,0
West Virginia,Kentucky,20.11,25.82,114.9,117.8,94.8,92.0,12.7,9.81,111.0,108.4,98.3,98.5,4.5,8.7,8.4,7.8,12.9,16.5,63,71,-5.710000000000001,-8,1
Duke,Michigan,28.42,17.69,119.7,112.8,91.3,95.1,8.43,12.0,107.3,110.7,98.9,98.7,13.7,1.4,5.3,7.7,19.0,9.1,73,71,10.73,2,0
San Diego St.,Temple,24.98,16.84,114.1,110.5,89.1,93.7,7.48,4.04,107.6,105.5,100.1,101.5,6.6,4.1,9.0,6.6,15.6,10.7,71,64,8.14,7,0
Connecticut,Cincinnati,23.93,19.41,115.8,111.1,91.9,91.7,12.78,6.23,110.1,106.8,97.4,100.6,6.8,2.1,5.0,8.8,11.8,10.9,69,58,4.52,11,0
Texas,Arizona,25.93,19.65,115.5,117.4,89.6,97.8,7.61,7.69,107.5,107.7,99.9,100.0,8.0,9.7,8.1,3.0,16.1,12.7,69,70,6.280000000000001,-1,1
Kansas,Illinois,28.38,20.14,118.9,113.3,90.6,93.1,7.75,12.29,108.2,110.6,100.5,98.3,13.3,6.4,6.5,6.1,19.8,12.5,73,59,8.239999999999998,14,0
Florida St.,Notre Dame,16.76,23.25,104.5,120.9,87.7,97.7,7.01,9.92,107.1,108.2,100.1,98.3,2.3,9.8,8.3,4.2,10.5,14.0,71,57,-6.489999999999998,14,0
Purdue,VCU,24.79,13.49,115.9,112.0,91.1,98.5,10.16,4.79,108.8,105.8,98.7,101.0,7.1,6.6,9.1,1.6,16.2,8.2,76,94,11.299999999999999,-18,1
Morehead St.,Richmond,7.01,16.01,105.6,112.6,98.6,96.5,-2.89,3.11,102.2,104.8,105.1,101.7,-0.1,2.8,5.1,7.4,5.0,10.2,48,65,-9.000000000000002,-17,1
Butler,Pittsburgh,16.46,27.08,112.3,120.6,95.9,93.5,6.11,8.17,106.4,107.6,100.3,99.4,5.0,8.8,5.2,9.4,10.2,18.2,71,70,-10.619999999999997,1,0
Florida,UCLA,20.61,13.57,115.8,108.7,95.2,95.1,7.73,6.92,106.8,107.3,99.1,100.4,8.6,3.3,6.5,2.7,15.1,6.0,73,65,7.039999999999999,8,0
BYU,Gonzaga,23.22,16.45,117.5,112.1,94.3,95.6,7.04,3.82,106.8,106.4,99.8,102.6,13.2,7.9,0.8,2.4,14.0,10.3,89,67,6.77,22,0
Wisconsin,Kansas St.,25.84,17.42,122.3,111.1,96.5,93.6,10.81,9.23,110.0,108.5,99.2,99.3,3.7,5.8,12.2,5.1,16.0,10.8,70,65,8.419999999999998,5,0
Ohio St.,Kentucky,33.47,25.82,125.0,117.8,91.5,92.0,8.82,9.81,108.9,108.4,100.0,98.5,11.4,8.7,10.4,7.8,21.8,16.5,60,62,7.649999999999999,-2,1
Marquette,North Carolina,18.14,22.18,115.5,111.8,97.3,89.6,11.06,11.14,109.4,109.9,98.4,98.8,8.1,11.2,3.0,4.2,11.1,15.4,63,81,-4.039999999999999,-18,1
Arizona,Duke,19.65,28.42,117.4,119.7,97.8,91.3,7.69,8.43,107.7,107.3,100.0,98.9,9.7,13.7,3.0,5.3,12.7,19.0,93,77,-8.770000000000003,16,0
Connecticut,San Diego St.,23.93,24.98,115.8,114.1,91.9,89.1,12.78,7.48,110.1,107.6,97.4,100.1,6.8,6.6,5.0,9.0,11.8,15.6,74,67,-1.0500000000000007,7,0
Richmond,Kansas,16.01,28.38,112.6,118.9,96.5,90.6,3.11,7.75,104.8,108.2,101.7,100.5,2.8,13.3,7.4,6.5,10.2,19.8,57,77,-12.369999999999997,-20,1
Florida St.,VCU,16.76,13.49,104.5,112.0,87.7,98.5,7.01,4.79,107.1,105.8,100.1,101.0,2.3,6.6,8.3,1.6,10.5,8.2,71,72,3.2700000000000014,-1,1
Butler,Wisconsin,16.46,25.84,112.3,122.3,95.9,96.5,6.11,10.81,106.4,110.0,100.3,99.2,5.0,3.7,5.2,12.2,10.2,16.0,61,54,-9.379999999999999,7,0
Florida,BYU,20.61,23.22,115.8,117.5,95.2,94.3,7.73,7.04,106.8,106.8,99.1,99.8,8.6,13.2,6.5,0.8,15.1,14.0,83,74,-2.6099999999999994,9,0
North Carolina,Kentucky,22.18,25.82,111.8,117.8,89.6,92.0,11.14,9.81,109.9,108.4,98.8,98.5,11.2,8.7,4.2,7.8,15.4,16.5,69,76,-3.6400000000000006,-7,1
Arizona,Connecticut,19.65,23.93,117.4,115.8,97.8,91.9,7.69,12.78,107.7,110.1,100.0,97.4,9.7,6.8,3.0,5.0,12.7,11.8,63,65,-4.280000000000001,-2,1
VCU,Kansas,13.49,28.38,112.0,118.9,98.5,90.6,4.79,7.75,105.8,108.2,101.0,100.5,6.6,13.3,1.6,6.5,8.2,19.8,71,61,-14.889999999999999,10,0
Florida,Butler,20.61,16.46,115.8,112.3,95.2,95.9,7.73,6.11,106.8,106.4,99.1,100.3,8.6,5.0,6.5,5.2,15.1,10.2,71,74,4.149999999999999,-3,1
Kentucky,Connecticut,25.82,23.93,117.8,115.8,92.0,91.9,9.81,12.78,108.4,110.1,98.5,97.4,8.7,6.8,7.8,5.0,16.5,11.8,55,56,1.8900000000000006,-1,1
VCU,Butler,13.49,16.46,112.0,112.3,98.5,95.9,4.79,6.11,105.8,106.4,101.0,100.3,6.6,5.0,1.6,5.2,8.2,10.2,62,70,-2.9700000000000006,-8,1
Connecticut,Butler,23.93,16.46,115.8,112.3,91.9,95.9,12.78,6.11,110.1,106.4,97.4,100.3,6.8,5.0,5.0,5.2,11.8,10.2,53,41,7.469999999999999,12,0
Western Kentucky,Kentucky,-2.67,32.59,97.8,122.2,100.5,89.6,0.0,7.99,102.3,106.8,102.3,98.8,-2.6,11.9,-1.3,8.2,-3.9,20.1,66,81,-35.260000000000005,-15,1
Lehigh,Duke,9.29,19.7,108.6,117.7,99.3,98.0,-5.57,8.18,100.3,107.3,105.8,99.1,6.1,12.2,-0.1,2.6,6.0,14.8,75,70,-10.41,5,0
South Dakota St.,Baylor,11.62,21.29,113.7,116.0,102.1,94.7,-1.92,9.61,103.2,108.1,105.1,98.5,7.0,8.9,-0.3,3.8,6.7,12.7,60,68,-9.67,-8,1
New Mexico St.,Indiana,11.22,22.55,109.3,120.2,98.1,97.6,-0.88,8.41,103.4,107.4,104.3,99.0,8.3,12.1,-1.6,3.2,6.7,15.2,66,79,-11.33,-13,1
Wichita St.,VCU,22.36,13.45,116.1,106.9,93.8,93.5,3.97,0.53,105.1,101.9,101.2,101.4,8.9,2.7,5.3,5.5,14.1,8.2,59,62,8.91,-3,1
UNLV,Colorado,14.97,8.89,109.2,104.8,94.2,95.9,3.54,5.35,104.5,105.7,100.9,100.4,8.9,1.3,1.2,3.7,10.1,5.0,64,68,6.08,-4,1
Xavier,Notre Dame,12.59,14.22,108.7,110.9,96.1,96.7,7.24,6.94,107.4,106.4,100.1,99.4,5.2,1.4,2.8,6.2,8.0,7.6,67,63,-1.6300000000000008,4,0
Iowa St.,Connecticut,16.69,14.53,113.9,111.3,97.2,96.8,7.22,8.25,107.0,107.3,99.8,99.1,7.2,4.3,2.6,5.2,9.7,9.5,77,64,2.160000000000002,13,0
Michigan St.,LIU Brooklyn,27.87,0.75,114.7,108.7,86.9,107.9,10.21,-5.25,108.6,99.8,98.4,105.0,7.7,10.0,9.9,-9.0,17.6,1.1,89,67,27.12,22,0
Norfolk St.,Missouri,-1.82,25.28,100.9,125.1,102.7,99.8,-6.31,5.8,100.3,105.7,106.6,99.9,-1.1,14.0,-1.3,1.9,-2.5,15.9,86,84,-27.1,2,0
Marquette,BYU,20.22,12.79,111.5,106.3,91.3,93.5,8.24,1.31,106.6,105.1,98.3,103.8,10.5,7.9,3.2,1.0,13.7,8.9,88,68,7.43,20,0
Louisville,Davidson,20.67,10.65,106.2,112.0,85.5,101.4,10.06,-3.0,108.6,101.5,98.6,104.5,3.4,8.2,8.9,-0.2,12.2,8.1,69,62,10.020000000000001,7,0
New Mexico,Long Beach St.,19.45,15.27,110.8,111.7,91.4,96.4,2.65,1.25,103.9,104.0,101.3,102.8,6.4,5.4,7.1,3.4,13.5,8.8,75,68,4.18,7,0
Murray St.,Colorado St.,15.34,8.17,108.5,111.9,93.2,103.7,-2.34,4.39,102.9,104.7,105.2,100.3,2.6,4.5,4.9,0.2,7.5,4.7,58,41,7.17,17,0
Virginia,Florida,15.85,22.47,105.2,120.4,89.3,98.0,4.05,7.18,105.0,105.4,101.0,98.2,-3.1,11.8,14.0,3.5,11.0,15.3,45,71,-6.619999999999999,-26,1
Saint Louis,Memphis,21.2,21.9,111.9,114.2,90.7,92.3,4.36,5.1,105.0,104.9,100.6,99.8,1.6,9.5,10.4,5.1,12.0,14.6,61,54,-0.6999999999999993,7,0
Syracuse,UNC Asheville,26.04,5.5,117.7,110.4,91.7,104.9,7.98,-4.12,107.0,101.8,99.0,105.9,9.9,8.6,8.4,-3.6,18.3,5.0,72,65,20.54,7,0
Ohio St.,Loyola MD,30.07,3.91,118.1,103.9,88.1,100.0,10.1,-2.7,108.9,101.8,98.8,104.5,10.8,-0.8,9.5,3.0,20.3,2.3,78,59,26.16,19,0
St. Bonaventure,Florida St.,11.78,17.14,110.6,107.6,98.9,90.4,3.83,7.54,104.9,106.9,101.1,99.4,3.5,4.5,3.9,7.4,7.4,11.9,63,86,-5.360000000000001,-23,1
Wisconsin,Montana,24.09,6.76,113.7,103.7,89.6,96.9,8.8,-5.3,107.6,102.5,98.8,107.8,0.3,-0.6,15.9,5.3,16.2,4.8,73,49,17.33,24,0
Harvard,Vanderbilt,14.34,20.9,108.8,115.6,94.4,94.7,-0.87,8.48,101.4,107.7,102.2,99.2,-0.6,8.2,8.7,4.4,8.1,12.6,70,79,-6.559999999999999,-9,1
Cincinnati,Texas,16.03,15.9,109.5,112.9,93.5,97.0,6.9,8.45,105.7,107.8,98.8,99.4,3.2,6.3,6.8,4.0,10.0,10.3,65,59,0.13000000000000078,6,0
Gonzaga,West Virginia,18.39,13.56,113.1,111.4,94.7,97.9,2.08,8.32,104.9,107.3,102.8,99.0,6.8,7.3,4.4,2.6,11.2,9.9,77,54,4.83,23,0
Southern Miss,Kansas St.,10.83,17.52,111.2,109.8,100.4,92.3,4.41,7.98,104.7,107.0,100.3,99.1,4.7,5.8,2.5,5.2,7.2,11.0,64,70,-6.6899999999999995,-6,1
Vermont,North Carolina,5.17,25.44,105.3,116.1,100.1,90.7,-5.44,7.41,99.1,107.2,104.6,99.8,-0.4,13.7,3.5,3.4,3.1,17.1,58,77,-20.270000000000003,-19,1
Kansas,Detroit,26.91,5.48,114.0,108.1,87.1,102.6,11.15,0.35,108.8,102.2,97.6,101.8,8.2,4.7,7.8,-1.9,16.1,2.9,65,50,21.43,15,0
Georgetown,Belmont,21.05,16.96,111.2,117.1,90.1,100.1,8.32,-0.32,107.3,103.4,99.0,103.7,3.8,10.6,9.7,0.9,13.5,11.5,74,59,4.09,15,0
Michigan,Ohio,17.52,11.88,114.3,106.6,96.8,94.7,10.65,0.8,109.0,103.6,98.3,102.8,2.6,2.3,8.1,4.6,10.7,6.9,60,65,5.639999999999999,-5,1
South Florida,Temple,13.13,14.49,103.9,113.3,90.8,98.9,8.17,6.1,107.2,106.5,99.0,100.4,-5.2,8.3,11.7,1.5,6.5,9.8,58,44,-1.3599999999999994,14,0
North Carolina St.,San Diego St.,14.22,11.16,112.1,107.0,97.9,95.8,6.22,3.33,105.9,104.8,99.7,101.5,7.3,3.1,1.5,3.4,8.8,6.5,79,65,3.0600000000000005,14,0
Saint Mary's,Purdue,15.48,16.25,114.3,116.2,98.8,99.9,0.17,8.81,104.1,108.4,103.9,99.6,6.4,7.5,4.5,4.1,10.9,11.6,69,72,-0.7699999999999996,-3,1
Alabama,Creighton,16.69,16.47,106.1,119.2,89.5,102.7,7.07,3.79,107.4,104.9,100.3,101.1,-0.3,11.3,11.5,-1.3,11.2,10.0,57,58,0.22000000000000242,-1,1
Iowa St.,Kentucky,16.69,32.59,113.9,122.2,97.2,89.6,7.22,7.99,107.0,106.8,99.8,98.8,7.2,11.9,2.6,8.2,9.7,20.1,71,87,-15.900000000000002,-16,1
Xavier,Lehigh,12.59,9.29,108.7,108.6,96.1,99.3,7.24,-5.57,107.4,100.3,100.1,105.8,5.2,6.1,2.8,-0.1,8.0,6.0,70,58,3.3000000000000007,12,0
Baylor,Colorado,21.29,8.89,116.0,104.8,94.7,95.9,9.61,5.35,108.1,105.7,98.5,100.4,8.9,1.3,3.8,3.7,12.7,5.0,80,63,12.399999999999999,17,0
Indiana,VCU,22.55,13.45,120.2,106.9,97.6,93.5,8.41,0.53,107.4,101.9,99.0,101.4,12.1,2.7,3.2,5.5,15.2,8.2,63,61,9.100000000000001,2,0
Saint Louis,Michigan St.,21.2,27.87,111.9,114.7,90.7,86.9,4.36,10.21,105.0,108.6,100.6,98.4,1.6,7.7,10.4,9.9,12.0,17.6,61,65,-6.670000000000002,-4,1
Florida,Norfolk St.,22.47,-1.82,120.4,100.9,98.0,102.7,7.18,-6.31,105.4,100.3,98.2,106.6,11.8,-1.1,3.5,-1.3,15.3,-2.5,84,50,24.29,34,0
Murray St.,Marquette,15.34,20.22,108.5,111.5,93.2,91.3,-2.34,8.24,102.9,106.6,105.2,98.3,2.6,10.5,4.9,3.2,7.5,13.7,53,62,-4.879999999999999,-9,1
Louisville,New Mexico,20.67,19.45,106.2,110.8,85.5,91.4,10.06,2.65,108.6,103.9,98.6,101.3,3.4,6.4,8.9,7.1,12.2,13.5,59,58,1.2200000000000024,1,0
Syracuse,Kansas St.,26.04,17.52,117.7,109.8,91.7,92.3,7.98,7.98,107.0,107.0,99.0,99.1,9.9,5.8,8.4,5.2,18.3,11.0,75,59,8.52,16,0
Ohio St.,Gonzaga,30.07,18.39,118.1,113.1,88.1,94.7,10.1,2.08,108.9,104.9,98.8,102.8,10.8,6.8,9.5,4.4,20.3,11.2,73,66,11.68,7,0
Florida St.,Cincinnati,17.14,16.03,107.6,109.5,90.4,93.5,7.54,6.9,106.9,105.7,99.4,98.8,4.5,3.2,7.4,6.8,11.9,10.0,56,62,1.1099999999999994,-6,1
Wisconsin,Vanderbilt,24.09,20.9,113.7,115.6,89.6,94.7,8.8,8.48,107.6,107.7,98.8,99.2,0.3,8.2,15.9,4.4,16.2,12.6,60,57,3.1900000000000013,3,0
North Carolina,Creighton,25.44,16.47,116.1,119.2,90.7,102.7,7.41,3.79,107.2,104.9,99.8,101.1,13.7,11.3,3.4,-1.3,17.1,10.0,87,73,8.970000000000002,14,0
Kansas,Purdue,26.91,16.25,114.0,116.2,87.1,99.9,11.15,8.81,108.8,108.4,97.6,99.6,8.2,7.5,7.8,4.1,16.1,11.6,63,60,10.66,3,0
Georgetown,North Carolina St.,21.05,14.22,111.2,112.1,90.1,97.9,8.32,6.22,107.3,105.9,99.0,99.7,3.8,7.3,9.7,1.5,13.5,8.8,63,88,6.83,-25,1
South Florida,Ohio,13.13,11.88,103.9,106.6,90.8,94.7,8.17,0.8,107.2,103.6,99.0,102.8,-5.2,2.3,11.7,4.6,6.5,6.9,56,62,1.25,-6,1
Indiana,Kentucky,22.55,32.59,120.2,122.2,97.6,89.6,8.41,7.99,107.4,106.8,99.0,98.8,12.1,11.9,3.2,8.2,15.2,20.1,90,102,-10.040000000000003,-12,1
Baylor,Xavier,21.29,12.59,116.0,108.7,94.7,96.1,9.61,7.24,108.1,107.4,98.5,100.1,8.9,5.2,3.8,2.8,12.7,8.0,75,70,8.7,5,0
Michigan St.,Louisville,27.87,20.67,114.7,106.2,86.9,85.5,10.21,10.06,108.6,108.6,98.4,98.6,7.7,3.4,9.9,8.9,17.6,12.2,44,57,7.199999999999999,-13,1
Marquette,Florida,20.22,22.47,111.5,120.4,91.3,98.0,8.24,7.18,106.6,105.4,98.3,98.2,10.5,11.8,3.2,3.5,13.7,15.3,58,68,-2.25,-10,1
Wisconsin,Syracuse,24.09,26.04,113.7,117.7,89.6,91.7,8.8,7.98,107.6,107.0,98.8,99.0,0.3,9.9,15.9,8.4,16.2,18.3,83,84,-1.9499999999999993,-1,1
Cincinnati,Ohio St.,16.03,30.07,109.5,118.1,93.5,88.1,6.9,10.1,105.7,108.9,98.8,98.8,3.2,10.8,6.8,9.5,10.0,20.3,66,81,-14.04,-15,1
North Carolina,Ohio,25.44,11.88,116.1,106.6,90.7,94.7,7.41,0.8,107.2,103.6,99.8,102.8,13.7,2.3,3.4,4.6,17.1,6.9,73,65,13.56,8,0
North Carolina St.,Kansas,14.22,26.91,112.1,114.0,97.9,87.1,6.22,11.15,105.9,108.8,99.7,97.6,7.3,8.2,1.5,7.8,8.8,16.1,57,60,-12.69,-3,1
Kentucky,Baylor,32.59,21.29,122.2,116.0,89.6,94.7,7.99,9.61,106.8,108.1,98.8,98.5,11.9,8.9,8.2,3.8,20.1,12.7,82,70,11.300000000000004,12,0
Florida,Louisville,22.47,20.67,120.4,106.2,98.0,85.5,7.18,10.06,105.4,108.6,98.2,98.6,11.8,3.4,3.5,8.9,15.3,12.2,68,72,1.7999999999999972,-4,1
Syracuse,Ohio St.,26.04,30.07,117.7,118.1,91.7,88.1,7.98,10.1,107.0,108.9,99.0,98.8,9.9,10.8,8.4,9.5,18.3,20.3,70,77,-4.030000000000001,-7,1
Kansas,North Carolina,26.91,25.44,114.0,116.1,87.1,90.7,11.15,7.41,108.8,107.2,97.6,99.8,8.2,13.7,7.8,3.4,16.1,17.1,80,67,1.4699999999999989,13,0
Kentucky,Louisville,32.59,20.67,122.2,106.2,89.6,85.5,7.99,10.06,106.8,108.6,98.8,98.6,11.9,3.4,8.2,8.9,20.1,12.2,69,61,11.920000000000002,8,0
Ohio St.,Kansas,30.07,26.91,118.1,114.0,88.1,87.1,10.1,11.15,108.9,108.8,98.8,97.6,10.8,8.2,9.5,7.8,20.3,16.1,62,64,3.16,-2,1
Kansas,Kentucky,26.91,32.59,114.0,122.2,87.1,89.6,11.15,7.99,108.8,106.8,97.6,98.8,8.2,11.9,7.8,8.2,16.1,20.1,59,67,-5.680000000000003,-8,1
North Carolina A&T,Louisville,-5.3,32.92,93.2,117.7,98.5,84.8,-6.98,10.23,97.2,107.4,104.2,97.2,-5.7,10.7,1.9,10.3,-3.7,21.0,48,79,-38.22,-31,1
Albany,Duke,1.36,26.98,102.6,119.1,101.3,92.1,-5.19,9.95,98.6,108.4,103.8,98.5,-1.7,12.2,3.1,5.4,1.3,17.6,61,73,-25.62,-12,1
Valparaiso,Michigan St.,11.42,24.17,110.7,112.6,99.3,88.5,-1.5,11.91,101.5,108.8,103.0,96.9,3.9,3.9,3.1,10.0,7.0,13.9,54,65,-12.750000000000002,-11,1
New Mexico St.,Saint Louis,7.68,20.01,104.7,108.6,97.1,88.6,0.36,3.91,102.7,104.5,102.3,100.6,0.7,1.9,3.1,8.8,3.8,10.7,44,64,-12.330000000000002,-20,1
Oklahoma St.,Oregon,18.69,16.78,109.0,106.6,90.3,89.8,6.38,5.92,106.8,105.1,100.4,99.2,5.4,6.4,5.6,2.4,11.0,8.8,55,68,1.9100000000000001,-13,1
Saint Mary's,Memphis,19.33,16.33,116.1,107.3,96.8,91.0,3.18,1.9,104.9,104.8,101.7,102.9,8.6,6.9,3.5,3.5,12.1,10.4,52,54,3.0,-2,1
Creighton,Cincinnati,21.75,15.57,118.3,105.9,96.5,90.4,5.73,7.31,105.5,105.6,99.7,98.3,8.9,2.9,4.5,8.5,13.4,11.4,67,63,6.18,4,0
Colorado St.,Missouri,19.12,18.53,117.9,114.9,98.8,96.4,7.17,5.62,105.8,105.1,98.6,99.5,6.7,10.2,1.8,2.2,8.6,12.4,84,72,0.5899999999999999,12,0
Gonzaga,Southern,27.81,0.5,120.5,99.3,92.7,98.8,4.37,-11.47,105.4,95.2,101.0,106.7,10.7,-2.9,5.6,4.0,16.4,1.1,64,58,27.31,6,0
Iona,Ohio St.,7.45,25.42,114.4,115.1,106.9,89.7,0.94,10.18,102.4,107.3,101.4,97.1,12.6,7.5,-7.9,8.5,4.7,15.9,70,95,-17.970000000000002,-25,1
Harvard,New Mexico,7.07,19.02,108.1,109.9,101.1,90.9,0.6,7.98,102.8,106.4,102.2,98.4,1.6,3.9,0.8,6.0,2.3,10.0,68,62,-11.95,6,0
La Salle,Kansas St.,13.89,18.16,111.8,113.5,98.0,95.3,5.67,6.82,105.8,106.1,100.1,99.3,6.2,3.8,2.3,7.4,8.4,11.1,63,61,-4.27,2,0
Wisconsin,Mississippi,22.57,16.95,108.3,112.3,85.7,95.3,11.08,3.19,108.8,103.4,97.7,100.2,2.4,10.3,13.2,1.2,15.6,11.5,46,57,5.620000000000001,-11,1
Arizona,Belmont,21.88,14.92,115.4,111.6,93.5,96.6,7.99,-0.74,106.4,103.8,98.5,104.6,9.2,7.1,5.3,3.5,14.5,10.5,81,64,6.959999999999999,17,0
Notre Dame,Iowa St.,16.65,17.63,114.6,117.5,97.9,99.8,6.53,6.74,105.1,105.5,98.6,98.7,6.1,12.6,4.6,-1.3,10.7,11.3,58,76,-0.9800000000000004,-18,1
Pittsburgh,Wichita St.,24.08,20.31,115.6,111.8,91.5,91.5,4.52,6.71,104.9,106.9,100.4,100.2,4.5,4.4,12.2,7.5,16.7,11.8,55,73,3.7699999999999996,-18,1
Western Kentucky,Kansas,-0.41,25.23,101.8,112.7,102.2,87.5,-2.47,7.05,100.9,106.8,103.3,99.8,-1.5,9.8,1.1,6.9,-0.4,16.8,57,64,-25.64,-7,1
Florida Gulf Coast,Georgetown,6.27,21.24,104.9,107.6,98.6,86.4,-2.79,7.42,101.3,106.3,104.1,98.9,4.1,2.4,-0.7,11.7,3.3,14.1,78,68,-14.969999999999999,10,0
Northwestern St.,Florida,2.82,31.18,106.6,117.2,103.8,86.0,-3.56,7.0,99.6,105.6,103.2,98.6,7.6,7.5,-5.2,13.7,2.4,21.2,47,79,-28.36,-32,1
South Dakota St.,Michigan,6.79,27.86,112.0,121.9,105.2,94.0,-3.31,11.13,102.0,108.2,105.3,97.0,4.8,11.0,-0.2,5.0,4.7,16.1,56,71,-21.07,-15,1
VCU,Akron,20.28,11.52,114.0,106.8,93.7,95.2,5.09,-0.35,105.8,102.4,100.7,102.7,9.6,4.5,4.8,3.6,14.4,8.1,88,42,8.760000000000002,46,0
Minnesota,UCLA,19.85,14.53,114.8,111.1,95.0,96.6,11.22,8.06,108.5,105.9,97.3,97.9,6.3,8.8,7.2,-1.0,13.5,7.8,83,63,5.320000000000002,20,0
San Diego St.,Oklahoma,17.43,13.8,107.7,111.1,90.3,97.3,7.65,7.8,106.6,106.4,98.9,98.6,4.8,6.4,6.0,3.3,10.8,9.7,70,55,3.629999999999999,15,0
North Carolina,Villanova,17.14,13.57,112.2,106.3,95.1,92.7,8.57,9.41,106.6,106.5,98.0,97.1,10.0,4.1,1.1,3.7,11.1,7.8,78,71,3.5700000000000003,7,0
Indiana,James Madison,29.31,-0.92,120.8,100.2,91.5,101.1,8.86,-3.42,106.7,101.9,97.8,105.3,13.8,-2.6,6.4,0.3,20.2,-2.3,83,62,30.23,21,0
Miami FL,Pacific,22.37,3.96,113.6,106.1,91.3,102.2,8.41,0.86,107.7,104.2,99.3,103.3,4.7,-0.5,9.3,3.1,14.0,2.5,78,49,18.41,29,0
Davidson,Marquette,11.36,18.32,112.1,113.2,100.7,94.9,-5.09,9.28,100.3,105.9,105.4,96.6,6.4,6.1,3.3,5.3,9.7,11.5,58,59,-6.960000000000001,-1,1
Syracuse,Montana,24.83,2.14,113.1,104.9,88.3,102.8,9.46,-5.21,106.8,101.8,97.4,107.0,7.0,0.2,8.0,0.7,15.0,0.9,81,34,22.689999999999998,47,0
UNLV,California,16.07,13.11,106.0,107.3,90.0,94.2,6.23,8.35,106.1,106.0,99.9,97.6,5.6,5.5,5.2,4.9,10.8,10.4,61,64,2.960000000000001,-3,1
Bucknell,Butler,12.72,15.41,107.3,110.5,94.6,95.1,-1.72,7.53,102.4,106.8,104.1,99.3,0.5,4.4,7.4,4.6,7.9,9.0,56,68,-2.6899999999999995,-12,1
Colorado,Illinois,14.62,15.82,106.5,110.6,91.9,94.8,9.15,10.84,107.3,108.1,98.1,97.3,2.5,4.3,4.6,3.9,7.1,8.1,49,57,-1.200000000000001,-8,1
North Carolina St.,Temple,16.99,12.67,116.8,111.3,99.8,98.6,6.54,5.48,106.1,105.7,99.5,100.2,11.6,6.2,-0.4,1.8,11.3,7.9,72,76,4.3199999999999985,-4,1
Colorado St.,Louisville,19.12,32.92,117.9,117.7,98.8,84.8,7.17,10.23,105.8,107.4,98.6,97.2,6.7,10.7,1.8,10.3,8.6,21.0,56,82,-13.8,-26,1
Creighton,Duke,21.75,26.98,118.3,119.1,96.5,92.1,5.73,9.95,105.5,108.4,99.7,98.5,8.9,12.2,4.5,5.4,13.4,17.6,50,66,-5.23,-16,1
Memphis,Michigan St.,16.33,24.17,107.3,112.6,91.0,88.5,1.9,11.91,104.8,108.8,102.9,96.9,6.9,3.9,3.5,10.0,10.4,13.9,48,70,-7.840000000000003,-22,1
Oregon,Saint Louis,16.78,20.01,106.6,108.6,89.8,88.6,5.92,3.91,105.1,104.5,99.2,100.6,6.4,1.9,2.4,8.8,8.8,10.7,74,57,-3.2300000000000004,17,0
Wichita St.,Gonzaga,20.31,27.81,111.8,120.5,91.5,92.7,6.71,4.37,106.9,105.4,100.2,101.0,4.4,10.7,7.5,5.6,11.8,16.4,76,70,-7.5,6,0
Ohio St.,Iowa St.,25.42,17.63,115.1,117.5,89.7,99.8,10.18,6.74,107.3,105.5,97.1,98.7,7.5,12.6,8.5,-1.3,15.9,11.3,78,75,7.790000000000003,3,0
Harvard,Arizona,7.07,21.88,108.1,115.4,101.1,93.5,0.6,7.99,102.8,106.4,102.2,98.5,1.6,9.2,0.8,5.3,2.3,14.5,51,74,-14.809999999999999,-23,1
Mississippi,La Salle,16.95,13.89,112.3,111.8,95.3,98.0,3.19,5.67,103.4,105.8,100.2,100.1,10.3,6.2,1.2,2.3,11.5,8.4,74,76,3.0599999999999987,-2,1
North Carolina,Kansas,17.14,25.23,112.2,112.7,95.1,87.5,8.57,7.05,106.6,106.8,98.0,99.8,10.0,9.8,1.1,6.9,11.1,16.8,58,70,-8.09,-12,1
Florida Gulf Coast,San Diego St.,6.27,17.43,104.9,107.7,98.6,90.3,-2.79,7.65,101.3,106.6,104.1,98.9,4.1,4.8,-0.7,6.0,3.3,10.8,81,71,-11.16,10,0
Florida,Minnesota,31.18,19.85,117.2,114.8,86.0,95.0,7.0,11.22,105.6,108.5,98.6,97.3,7.5,6.3,13.7,7.2,21.2,13.5,78,64,11.329999999999998,14,0
VCU,Michigan,20.28,27.86,114.0,121.9,93.7,94.0,5.09,11.13,105.8,108.2,100.7,97.0,9.6,11.0,4.8,5.0,14.4,16.1,53,78,-7.579999999999998,-25,1
Temple,Indiana,12.67,29.31,111.3,120.8,98.6,91.5,5.48,8.86,105.7,106.7,100.2,97.8,6.2,13.8,1.8,6.4,7.9,20.2,52,58,-16.64,-6,1
Miami FL,Illinois,22.37,15.82,113.6,110.6,91.3,94.8,8.41,10.84,107.7,108.1,99.3,97.3,4.7,4.3,9.3,3.9,14.0,8.1,63,59,6.550000000000001,4,0
Marquette,Butler,18.32,15.41,113.2,110.5,94.9,95.1,9.28,7.53,105.9,106.8,96.6,99.3,6.1,4.4,5.3,4.6,11.5,9.0,74,72,2.91,2,0
Syracuse,California,24.83,13.11,113.1,107.3,88.3,94.2,9.46,8.35,106.8,106.0,97.4,97.6,7.0,5.5,8.0,4.9,15.0,10.4,66,60,11.719999999999999,6,0
Oregon,Louisville,16.78,32.92,106.6,117.7,89.8,84.8,5.92,10.23,105.1,107.4,99.2,97.2,6.4,10.7,2.4,10.3,8.8,21.0,69,77,-16.14,-8,1
Michigan St.,Duke,24.17,26.98,112.6,119.1,88.5,92.1,11.91,9.95,108.8,108.4,96.9,98.5,3.9,12.2,10.0,5.4,13.9,17.6,61,71,-2.8099999999999987,-10,1
La Salle,Wichita St.,13.89,20.31,111.8,111.8,98.0,91.5,5.67,6.71,105.8,106.9,100.1,100.2,6.2,4.4,2.3,7.5,8.4,11.8,58,72,-6.419999999999998,-14,1
Ohio St.,Arizona,25.42,21.88,115.1,115.4,89.7,93.5,10.18,7.99,107.3,106.4,97.1,98.5,7.5,9.2,8.5,5.3,15.9,14.5,73,70,3.5400000000000027,3,0
Kansas,Michigan,25.23,27.86,112.7,121.9,87.5,94.0,7.05,11.13,106.8,108.2,99.8,97.0,9.8,11.0,6.9,5.0,16.8,16.1,85,87,-2.629999999999999,-2,1
Florida,Florida Gulf Coast,31.18,6.27,117.2,104.9,86.0,98.6,7.0,-2.79,105.6,101.3,98.6,104.1,7.5,4.1,13.7,-0.7,21.2,3.3,62,50,24.91,12,0
Indiana,Syracuse,29.31,24.83,120.8,113.1,91.5,88.3,8.86,9.46,106.7,106.8,97.8,97.4,13.8,7.0,6.4,8.0,20.2,15.0,50,61,4.48,-11,1
Marquette,Miami FL,18.32,22.37,113.2,113.6,94.9,91.3,9.28,8.41,105.9,107.7,96.6,99.3,6.1,4.7,5.3,9.3,11.5,14.0,71,61,-4.050000000000001,10,0
Louisville,Duke,32.92,26.98,117.7,119.1,84.8,92.1,10.23,9.95,107.4,108.4,97.2,98.5,10.7,12.2,10.3,5.4,21.0,17.6,85,63,5.940000000000001,22,0
Wichita St.,Ohio St.,20.31,25.42,111.8,115.1,91.5,89.7,6.71,10.18,106.9,107.3,100.2,97.1,4.4,7.5,7.5,8.5,11.8,15.9,70,66,-5.110000000000003,4,0
Michigan,Florida,27.86,31.18,121.9,117.2,94.0,86.0,11.13,7.0,108.2,105.6,97.0,98.6,11.0,7.5,5.0,13.7,16.1,21.2,79,59,-3.3200000000000003,20,0
Marquette,Syracuse,18.32,24.83,113.2,113.1,94.9,88.3,9.28,9.46,105.9,106.8,96.6,97.4,6.1,7.0,5.3,8.0,11.5,15.0,39,55,-6.509999999999998,-16,1
Louisville,Wichita St.,32.92,20.31,117.7,111.8,84.8,91.5,10.23,6.71,107.4,106.9,97.2,100.2,10.7,4.4,10.3,7.5,21.0,11.8,72,68,12.610000000000003,4,0
Syracuse,Michigan,24.83,27.86,113.1,121.9,88.3,94.0,9.46,11.13,106.8,108.2,97.4,97.0,7.0,11.0,8.0,5.0,15.0,16.1,56,61,-3.030000000000001,-5,1
Louisville,Michigan,32.92,27.86,117.7,121.9,84.8,94.0,10.23,11.13,107.4,108.2,97.2,97.0,10.7,11.0,10.3,5.0,21.0,16.1,82,76,5.060000000000002,6,0
Albany,Florida,-1.04,28.57,102.9,116.5,103.9,88.0,-5.12,9.02,101.5,109.4,106.6,100.4,-4.4,5.2,3.4,14.0,-1.0,19.2,55,67,-29.61,-12,1
Kansas,Eastern Kentucky,24.6,3.96,119.3,112.4,94.7,108.4,12.13,-4.97,112.2,104.1,100.0,109.0,11.0,4.3,4.8,-0.3,15.8,4.0,80,69,20.64,11,0
Western Michigan,Syracuse,3.36,21.62,106.3,114.6,103.0,93.0,-1.86,7.23,103.9,109.4,105.7,102.2,1.2,1.7,1.6,12.6,2.8,14.3,53,77,-18.26,-24,1
UCLA,Tulsa,22.53,8.93,118.7,106.1,96.1,97.2,7.63,0.57,109.1,104.9,101.5,104.3,12.0,1.8,1.8,2.4,13.8,4.2,76,59,13.600000000000001,17,0
Stephen F. Austin,VCU,10.83,19.8,112.3,109.2,101.5,89.4,-7.12,5.45,102.0,107.4,109.2,102.0,0.6,6.8,4.8,6.2,5.5,13.0,77,75,-8.97,2,0
Dayton,Ohio St.,14.25,21.3,113.8,109.3,99.6,88.0,6.25,7.8,107.7,109.2,101.4,101.4,4.5,2.1,4.1,11.8,8.6,13.8,60,59,-7.050000000000001,1,0
New Mexico,Stanford,17.15,16.06,113.5,112.4,96.3,96.4,4.83,9.42,107.7,110.2,102.9,100.7,5.8,4.5,3.3,3.0,9.1,7.4,53,58,1.0899999999999999,-5,1
Colorado,Pittsburgh,11.2,21.89,107.7,116.9,96.5,95.0,8.74,7.62,109.5,108.0,100.8,100.4,2.5,7.1,4.2,8.3,6.7,15.4,48,77,-10.690000000000001,-29,1
Coastal Carolina,Virginia,-4.98,26.46,98.2,114.8,103.2,88.3,-8.1,8.67,102.1,109.4,110.2,100.8,-2.9,0.2,1.1,16.1,-1.8,16.4,59,70,-31.44,-11,1
Villanova,Milwaukee,23.68,0.08,116.3,104.7,92.6,104.6,7.47,0.03,110.1,104.4,102.6,104.4,8.7,0.8,7.5,-0.3,16.2,0.5,73,53,23.6,20,0
Iowa St.,North Carolina Central,21.07,7.98,118.9,108.6,97.8,100.7,10.77,-10.35,111.1,98.1,100.4,108.5,12.8,0.5,0.0,6.4,12.9,6.9,93,75,13.09,18,0
Michigan St.,Delaware,23.92,5.83,118.6,112.0,94.7,106.2,10.44,-0.68,110.2,105.2,99.7,105.9,8.5,8.6,6.9,-4.5,15.4,4.1,93,78,18.090000000000003,15,0
Cincinnati,Harvard,19.24,17.58,109.7,112.9,90.4,95.3,4.72,0.13,107.3,104.5,102.6,104.3,-0.1,4.6,12.2,7.2,12.1,11.8,57,61,1.6600000000000001,-4,1
North Carolina,Providence,18.44,13.81,112.6,114.6,94.2,100.8,8.83,8.35,110.5,109.2,101.6,100.8,8.2,6.2,3.8,2.7,12.0,8.8,79,77,4.630000000000001,2,0
Saint Joseph's,Connecticut,12.93,22.13,112.3,113.6,99.4,91.5,6.18,9.43,107.5,109.7,101.3,100.3,3.8,4.3,3.6,8.5,7.4,12.7,81,89,-9.2,-8,1
George Washington,Memphis,13.82,15.22,110.8,112.4,97.0,97.1,5.56,7.25,107.3,108.3,101.7,101.1,3.9,7.3,5.2,2.7,9.1,10.0,66,71,-1.4000000000000004,-5,1
Arizona,Weber St.,30.11,-0.62,116.5,106.4,86.4,107.0,9.3,-6.78,109.9,103.3,100.6,110.0,5.9,0.1,11.8,2.4,17.7,2.4,88,59,30.73,29,0
American,Wisconsin,4.57,25.89,103.4,122.0,98.9,96.1,-2.59,11.44,103.6,110.2,106.2,98.8,-6.7,7.8,8.3,8.0,1.6,15.8,35,75,-21.32,-40,1
Creighton,Louisiana Lafayette,21.72,5.19,124.2,110.2,102.5,105.0,7.5,-0.57,108.5,105.0,101.0,105.6,11.4,1.1,3.3,-6.3,14.8,-5.2,76,66,16.529999999999998,10,0
New Mexico St.,San Diego St.,10.54,20.38,112.9,110.4,102.4,90.0,-3.64,5.18,103.0,108.0,106.7,102.8,5.1,1.8,1.9,11.5,7.0,13.3,69,73,-9.84,-4,1
North Dakota St.,Oklahoma,11.76,17.9,115.5,117.9,103.7,100.0,1.38,9.13,106.8,110.2,105.4,101.0,4.9,11.4,4.3,-1.9,9.2,9.5,80,75,-6.139999999999999,5,0
Baylor,Nebraska,19.39,12.64,118.9,108.8,99.5,96.1,10.31,9.3,111.0,108.4,100.6,99.1,5.8,0.5,5.2,5.2,11.0,5.7,74,60,6.75,14,0
Oregon,BYU,19.02,13.77,118.9,114.5,99.9,100.7,7.39,6.59,109.1,109.6,101.8,103.0,11.7,10.8,-0.2,-3.2,11.4,7.6,87,68,5.25,19,0
Gonzaga,Oklahoma St.,20.14,20.98,114.0,115.9,93.8,95.0,5.05,9.06,109.0,109.9,103.9,100.8,7.1,10.3,5.7,3.8,12.8,14.1,85,77,-0.8399999999999999,8,0
Wichita St.,Cal Poly,25.36,-0.82,117.8,103.6,92.4,104.4,1.04,2.38,105.8,107.4,104.8,105.0,5.4,-8.2,9.2,6.1,14.6,-2.1,64,37,26.18,27,0
Michigan,Wofford,23.44,-1.94,123.9,100.6,100.5,102.6,11.65,-5.87,110.3,103.5,98.6,109.3,8.7,-6.6,7.0,6.2,15.7,-0.4,57,40,25.380000000000003,17,0
Duke,Mercer,24.25,8.34,124.7,110.8,100.4,102.4,8.76,-4.44,109.2,103.6,100.5,108.0,13.6,4.6,5.2,2.2,18.8,6.9,71,78,15.91,-7,1
Manhattan,Louisville,10.21,30.41,107.2,118.9,97.0,88.5,-0.2,4.31,105.6,107.0,105.8,102.7,5.0,10.7,1.9,9.4,6.9,20.1,64,71,-20.2,-7,1
North Carolina St.,Saint Louis,11.6,15.72,114.0,105.7,102.4,90.0,7.77,5.04,108.4,107.2,100.7,102.2,4.7,1.0,1.5,8.9,6.2,9.9,80,83,-4.120000000000001,-3,1
Tennessee,Massachusetts,23.69,13.46,117.9,110.0,94.2,96.5,8.12,7.33,108.9,108.0,100.8,100.6,5.1,7.6,9.4,1.5,14.5,9.1,86,67,10.23,19,0
Texas,Arizona St.,14.52,14.82,111.8,111.2,97.3,96.4,9.61,7.5,110.9,108.6,101.3,101.1,5.0,7.6,3.3,2.4,8.3,10.1,87,85,-0.3000000000000007,2,0
Kansas St.,Kentucky,14.1,22.55,107.8,118.3,93.7,95.8,8.17,10.73,110.5,110.5,102.3,99.8,0.4,8.9,8.0,6.0,8.4,14.9,49,56,-8.450000000000001,-7,1
Florida,Pittsburgh,28.57,21.89,116.5,116.9,88.0,95.0,9.02,7.62,109.4,108.0,100.4,100.4,5.2,7.1,14.0,8.3,19.2,15.4,61,45,6.68,16,0
Stanford,Kansas,16.06,24.6,112.4,119.3,96.4,94.7,9.42,12.13,110.2,112.2,100.7,100.0,4.5,11.0,3.0,4.8,7.4,15.8,60,57,-8.540000000000003,3,0
Dayton,Syracuse,14.25,21.62,113.8,114.6,99.6,93.0,6.25,7.23,107.7,109.4,101.4,102.2,4.5,1.7,4.1,12.6,8.6,14.3,55,53,-7.370000000000001,2,0
UCLA,Stephen F. Austin,22.53,10.83,118.7,112.3,96.1,101.5,7.63,-7.12,109.1,102.0,101.5,109.2,12.0,0.6,1.8,4.8,13.8,5.5,77,60,11.700000000000001,17,0
Memphis,Virginia,15.22,26.46,112.4,114.8,97.1,88.3,7.25,8.67,108.3,109.4,101.1,100.8,7.3,0.2,2.7,16.1,10.0,16.4,60,78,-11.24,-18,1
Connecticut,Villanova,22.13,23.68,113.6,116.3,91.5,92.6,9.43,7.47,109.7,110.1,100.3,102.6,4.3,8.7,8.5,7.5,12.7,16.2,77,65,-1.5500000000000007,12,0
Iowa St.,North Carolina,21.07,18.44,118.9,112.6,97.8,94.2,10.77,8.83,111.1,110.5,100.4,101.6,12.8,8.2,0.0,3.8,12.9,12.0,85,83,2.629999999999999,2,0
Harvard,Michigan St.,17.58,23.92,112.9,118.6,95.3,94.7,0.13,10.44,104.5,110.2,104.3,99.7,4.6,8.5,7.2,6.9,11.8,15.4,73,80,-6.340000000000003,-7,1
Gonzaga,Arizona,20.14,30.11,114.0,116.5,93.8,86.4,5.05,9.3,109.0,109.9,103.9,100.6,7.1,5.9,5.7,11.8,12.8,17.7,81,84,-9.969999999999999,-3,1
Wisconsin,Oregon,25.89,19.02,122.0,118.9,96.1,99.9,11.44,7.39,110.2,109.1,98.8,101.8,7.8,11.7,8.0,-0.2,15.8,11.4,85,77,6.870000000000001,8,0
Baylor,Creighton,19.39,21.72,118.9,124.2,99.5,102.5,10.31,7.5,111.0,108.5,100.6,101.0,5.8,11.4,5.2,3.3,11.0,14.8,85,55,-2.3299999999999983,30,0
North Dakota St.,San Diego St.,11.76,20.38,115.5,110.4,103.7,90.0,1.38,5.18,106.8,108.0,105.4,102.8,4.9,1.8,4.3,11.5,9.2,13.3,44,63,-8.62,-19,1
Wichita St.,Kentucky,25.36,22.55,117.8,118.3,92.4,95.8,1.04,10.73,105.8,110.5,104.8,99.8,5.4,8.9,9.2,6.0,14.6,14.9,76,78,2.8099999999999987,-2,1
Michigan,Texas,23.44,14.52,123.9,111.8,100.5,97.3,11.65,9.61,110.3,110.9,98.6,101.3,8.7,5.0,7.0,3.3,15.7,8.3,79,65,8.920000000000002,14,0
Tennessee,Mercer,23.69,8.34,117.9,110.8,94.2,102.4,8.12,-4.44,108.9,103.6,100.8,108.0,5.1,4.6,9.4,2.2,14.5,6.9,83,63,15.350000000000001,20,0
Louisville,Saint Louis,30.41,15.72,118.9,105.7,88.5,90.0,4.31,5.04,107.0,107.2,102.7,102.2,10.7,1.0,9.4,8.9,20.1,9.9,66,51,14.69,15,0
Florida,UCLA,28.57,22.53,116.5,118.7,88.0,96.1,9.02,7.63,109.4,109.1,100.4,101.5,5.2,12.0,14.0,1.8,19.2,13.8,79,68,6.039999999999999,11,0
Dayton,Stanford,14.25,16.06,113.8,112.4,99.6,96.4,6.25,9.42,107.7,110.2,101.4,100.7,4.5,4.5,4.1,3.0,8.6,7.4,82,72,-1.8099999999999987,10,0
Michigan St.,Virginia,23.92,26.46,118.6,114.8,94.7,88.3,10.44,8.67,110.2,109.4,99.7,100.8,8.5,0.2,6.9,16.1,15.4,16.4,61,59,-2.539999999999999,2,0
Iowa St.,Connecticut,21.07,22.13,118.9,113.6,97.8,91.5,10.77,9.43,111.1,109.7,100.4,100.3,12.8,4.3,0.0,8.5,12.9,12.7,76,81,-1.0599999999999987,-5,1
Arizona,San Diego St.,30.11,20.38,116.5,110.4,86.4,90.0,9.3,5.18,109.9,108.0,100.6,102.8,5.9,1.8,11.8,11.5,17.7,13.3,70,64,9.73,6,0
Wisconsin,Baylor,25.89,19.39,122.0,118.9,96.1,99.5,11.44,10.31,110.2,111.0,98.8,100.6,7.8,5.8,8.0,5.2,15.8,11.0,69,52,6.5,17,0
Kentucky,Louisville,22.55,30.41,118.3,118.9,95.8,88.5,10.73,4.31,110.5,107.0,99.8,102.7,8.9,10.7,6.0,9.4,14.9,20.1,74,69,-7.859999999999999,5,0
Tennessee,Michigan,23.69,23.44,117.9,123.9,94.2,100.5,8.12,11.65,108.9,110.3,100.8,98.6,5.1,8.7,9.4,7.0,14.5,15.7,71,73,0.25,-2,1
Florida,Dayton,28.57,14.25,116.5,113.8,88.0,99.6,9.02,6.25,109.4,107.7,100.4,101.4,5.2,4.5,14.0,4.1,19.2,8.6,62,52,14.32,10,0
Michigan St.,Connecticut,23.92,22.13,118.6,113.6,94.7,91.5,10.44,9.43,110.2,109.7,99.7,100.3,8.5,4.3,6.9,8.5,15.4,12.7,54,60,1.7900000000000027,-6,1
Wisconsin,Arizona,25.89,30.11,122.0,116.5,96.1,86.4,11.44,9.3,110.2,109.9,98.8,100.6,7.8,5.9,8.0,11.8,15.8,17.7,64,63,-4.219999999999999,1,0
Kentucky,Michigan,22.55,23.44,118.3,123.9,95.8,100.5,10.73,11.65,110.5,110.3,99.8,98.6,8.9,8.7,6.0,7.0,14.9,15.7,75,72,-0.8900000000000006,3,0
Florida,Connecticut,28.57,22.13,116.5,113.6,88.0,91.5,9.02,9.43,109.4,109.7,100.4,100.3,5.2,4.3,14.0,8.5,19.2,12.7,53,63,6.440000000000001,-10,1
Kentucky,Wisconsin,22.55,25.89,118.3,122.0,95.8,96.1,10.73,11.44,110.5,110.2,99.8,98.8,8.9,7.8,6.0,8.0,14.9,15.8,74,73,-3.34,1,0
Kentucky,Connecticut,22.55,22.13,118.3,113.6,95.8,91.5,10.73,9.43,110.5,109.7,99.8,100.3,8.9,4.3,6.0,8.5,14.9,12.7,54,60,0.4200000000000017,-6,1
Hampton,Kentucky,-7.4,36.91,96.6,121.3,104.0,84.4,-7.48,8.58,99.5,108.7,106.9,100.1,-1.3,10.3,-2.5,13.6,-3.8,23.9,56,79,-44.309999999999995,-23,1
New Mexico St.,Kansas,6.63,22.72,107.4,114.5,100.8,91.8,-5.37,13.17,101.1,110.6,106.5,97.4,0.8,8.9,3.7,5.5,4.5,14.4,56,75,-16.09,-19,1
Notre Dame,Northeastern,24.96,5.12,125.4,108.3,100.4,103.1,7.59,-1.29,107.7,104.5,100.1,105.7,13.0,1.4,2.8,1.2,15.8,2.6,69,65,19.84,4,0
Valparaiso,Maryland,11.13,15.68,107.4,111.3,96.3,95.7,-2.06,7.15,104.2,108.3,106.3,101.1,0.6,4.1,5.1,6.4,5.7,10.5,62,65,-4.549999999999999,-3,1
West Virginia,Buffalo,17.64,11.87,112.6,111.3,94.9,99.4,9.56,1.83,108.9,106.0,99.3,104.2,8.0,7.1,3.5,0.4,11.5,7.5,68,62,5.770000000000001,6,0
Texas,Butler,18.94,20.09,112.4,110.2,93.4,90.1,9.52,9.72,108.3,110.6,98.8,100.9,4.0,3.5,8.5,9.3,12.5,12.8,48,56,-1.1499999999999986,-8,1
Indiana,Wichita St.,13.83,22.21,119.8,115.8,106.0,93.6,6.92,3.24,107.8,105.5,100.9,102.3,11.5,5.1,-1.9,8.6,9.7,13.7,76,81,-8.38,-5,1
Cincinnati,Purdue,14.15,13.96,108.2,110.9,94.0,97.0,3.39,7.45,104.9,109.0,101.5,101.6,-2.3,4.6,11.0,5.3,8.7,9.9,66,65,0.1899999999999995,1,0
Coastal Carolina,Wisconsin,2.38,33.72,106.7,129.0,104.3,95.2,-6.45,11.03,102.2,109.8,108.6,98.8,-0.4,10.4,3.0,11.3,2.6,21.7,72,86,-31.34,-14,1
Arizona,Texas Southern,32.36,-3.84,119.9,104.1,87.5,107.9,7.37,-6.74,108.3,100.0,100.9,106.8,10.7,-0.4,8.9,-2.6,19.6,-3.0,93,72,36.2,21,0
Baylor,Georgia St.,22.14,10.32,116.6,111.6,94.5,101.3,10.22,-1.47,108.9,102.4,98.7,103.9,4.8,4.0,8.8,3.6,13.6,7.7,56,57,11.82,-1,1
Harvard,North Carolina,9.23,23.85,104.8,119.1,95.6,95.3,-0.18,12.76,104.3,111.1,104.5,98.3,-1.7,14.9,7.8,2.9,6.1,17.8,65,67,-14.620000000000001,-2,1
Arkansas,Wofford,16.44,6.72,114.7,105.2,98.3,98.5,6.09,-3.98,107.2,104.0,101.1,108.0,10.4,-2.7,-0.4,7.0,10.0,4.2,56,53,9.720000000000002,3,0
Xavier,Mississippi,19.49,13.88,116.6,114.5,97.1,100.6,10.29,7.1,109.5,107.3,99.2,100.2,8.4,7.3,1.1,0.9,9.5,8.3,76,57,5.609999999999998,19,0
VCU,Ohio St.,16.27,20.75,111.1,115.6,94.9,94.8,6.65,6.76,107.9,108.1,101.2,101.4,8.3,9.7,3.7,6.6,12.0,16.3,72,75,-4.48,-3,1
Oklahoma St.,Oregon,14.92,13.88,111.8,115.2,96.8,101.3,10.42,7.28,108.2,108.4,97.8,101.1,3.6,7.1,6.0,-3.5,9.5,3.6,73,79,1.0399999999999991,-6,1
Lafayette,Villanova,-2.14,30.65,112.9,122.7,115.1,92.0,-4.01,7.67,103.0,108.2,107.0,100.6,6.2,10.8,-6.4,8.5,-0.3,19.3,52,93,-32.79,-41,1
Belmont,Virginia,2.27,30.06,110.2,115.6,107.9,85.5,-3.33,8.21,102.4,108.5,105.7,100.3,5.9,1.9,-3.9,17.7,2.0,19.6,67,79,-27.79,-12,1
Oklahoma,Albany,22.8,3.29,112.5,107.2,89.7,103.9,11.0,-5.5,110.2,100.4,99.2,105.9,7.4,-1.5,6.6,3.9,13.9,2.4,69,60,19.51,9,0
UC Irvine,Louisville,7.09,21.21,106.3,110.2,99.2,88.9,0.9,9.69,104.7,109.5,103.8,99.8,1.3,5.1,4.0,9.8,5.3,14.8,55,57,-14.120000000000001,-2,1
Northern Iowa,Wyoming,20.98,5.67,116.3,104.8,95.3,99.1,1.42,-1.04,104.4,103.0,103.0,104.1,0.9,-4.8,10.9,7.7,11.8,2.9,71,54,15.31,17,0
Dayton,Providence,14.24,16.72,109.2,112.6,95.0,95.9,3.39,10.26,105.4,109.7,102.0,99.4,2.7,5.8,6.7,4.6,9.4,10.4,66,53,-2.4799999999999986,13,0
Georgia,Michigan St.,15.09,21.72,109.6,116.6,94.5,94.9,8.73,10.49,108.6,110.3,99.9,99.8,3.9,7.6,4.8,6.2,8.6,13.7,63,70,-6.629999999999999,-7,1
LSU,North Carolina St.,13.76,15.93,108.9,114.9,95.1,98.9,5.09,9.84,106.2,109.3,101.2,99.5,7.0,6.4,0.8,4.0,7.8,10.4,65,66,-2.17,-1,1
Robert Morris,Duke,-1.39,32.48,103.1,124.5,104.5,92.0,-4.59,11.17,102.7,110.7,107.3,99.5,-0.1,16.4,-0.4,6.0,-0.5,22.4,56,85,-33.87,-29,1
North Dakota St.,Gonzaga,1.41,27.78,103.8,121.7,102.4,93.9,-4.21,4.37,102.9,107.3,107.1,102.9,-4.0,11.5,2.9,4.9,-1.1,16.4,76,86,-26.37,-10,1
UAB,Iowa St.,3.06,21.49,104.9,119.0,101.9,97.5,0.29,10.59,103.9,109.0,103.6,98.5,1.9,12.7,-1.3,1.1,0.5,13.8,60,59,-18.43,1,0
Eastern Washington,Georgetown,3.25,19.13,112.9,114.3,109.6,95.1,-3.75,10.23,104.2,110.5,108.0,100.3,9.9,6.0,-7.0,4.3,2.9,10.4,74,84,-15.879999999999999,-10,1
Stephen F. Austin,Utah,13.64,27.24,113.9,116.4,100.3,89.2,-5.56,8.19,102.2,108.8,107.7,100.6,6.9,5.0,1.9,11.3,8.8,16.2,50,57,-13.599999999999998,-7,1
SMU,UCLA,17.51,14.65,113.1,112.9,95.6,98.2,2.52,8.4,105.3,107.9,102.8,99.5,3.3,5.8,6.5,-1.0,9.8,4.8,59,60,2.860000000000001,-1,1
Iowa,Davidson,19.02,15.0,114.2,119.7,95.1,104.7,8.58,3.16,108.9,105.3,100.4,102.2,5.6,11.2,6.5,-0.9,12.1,10.3,83,52,4.02,31,0
San Diego St.,St. John's,15.95,13.7,104.9,110.7,89.0,97.0,3.63,8.72,106.1,109.0,102.5,100.3,-3.3,6.3,11.0,2.9,7.7,9.2,76,64,2.25,12,0
Cincinnati,Kentucky,14.15,36.91,108.2,121.3,94.0,84.4,3.39,8.58,104.9,108.7,101.5,100.1,-2.3,10.3,11.0,13.6,8.7,23.9,51,64,-22.759999999999998,-13,1
Wichita St.,Kansas,22.21,22.72,115.8,114.5,93.6,91.8,3.24,13.17,105.5,110.6,102.3,97.4,5.1,8.9,8.6,5.5,13.7,14.4,78,65,-0.509999999999998,13,0
Notre Dame,Butler,24.96,20.09,125.4,110.2,100.4,90.1,7.59,9.72,107.7,110.6,100.1,100.9,13.0,3.5,2.8,9.3,15.8,12.8,67,64,4.870000000000001,3,0
West Virginia,Maryland,17.64,15.68,112.6,111.3,94.9,95.7,9.56,7.15,108.9,108.3,99.3,101.1,8.0,4.1,3.5,6.4,11.5,10.5,69,59,1.9600000000000009,10,0
Oregon,Wisconsin,13.88,33.72,115.2,129.0,101.3,95.2,7.28,11.03,108.4,109.8,101.1,98.8,7.1,10.4,-3.5,11.3,3.6,21.7,65,72,-19.839999999999996,-7,1
Arizona,Ohio St.,32.36,20.75,119.9,115.6,87.5,94.8,7.37,6.76,108.3,108.1,100.9,101.4,10.7,9.7,8.9,6.6,19.6,16.3,73,58,11.61,15,0
Xavier,Georgia St.,19.49,10.32,116.6,111.6,97.1,101.3,10.29,-1.47,109.5,102.4,99.2,103.9,8.4,4.0,1.1,3.6,9.5,7.7,75,67,9.169999999999998,8,0
Arkansas,North Carolina,16.44,23.85,114.7,119.1,98.3,95.3,6.09,12.76,107.2,111.1,101.1,98.3,10.4,14.9,-0.4,2.9,10.0,17.8,78,87,-7.41,-9,1
Villanova,North Carolina St.,30.65,15.93,122.7,114.9,92.0,98.9,7.67,9.84,108.2,109.3,100.6,99.5,10.8,6.4,8.5,4.0,19.3,10.4,68,71,14.719999999999999,-3,1
Virginia,Michigan St.,30.06,21.72,115.6,116.6,85.5,94.9,8.21,10.49,108.5,110.3,100.3,99.8,1.9,7.6,17.7,6.2,19.6,13.7,54,60,8.34,-6,1
Dayton,Oklahoma,14.24,22.8,109.2,112.5,95.0,89.7,3.39,11.0,105.4,110.2,102.0,99.2,2.7,7.4,6.7,6.6,9.4,13.9,66,72,-8.56,-6,1
Northern Iowa,Louisville,20.98,21.21,116.3,110.2,95.3,88.9,1.42,9.69,104.4,109.5,103.0,99.8,0.9,5.1,10.9,9.8,11.8,14.8,53,66,-0.23000000000000043,-13,1
Duke,San Diego St.,32.48,15.95,124.5,104.9,92.0,89.0,11.17,3.63,110.7,106.1,99.5,102.5,16.4,-3.3,6.0,11.0,22.4,7.7,68,49,16.529999999999998,19,0
Gonzaga,Iowa,27.78,19.02,121.7,114.2,93.9,95.1,4.37,8.58,107.3,108.9,102.9,100.4,11.5,5.6,4.9,6.5,16.4,12.1,87,68,8.760000000000002,19,0
UCLA,UAB,14.65,3.06,112.9,104.9,98.2,101.9,8.4,0.29,107.9,103.9,99.5,103.6,5.8,1.9,-1.0,-1.3,4.8,0.5,92,75,11.59,17,0
Utah,Georgetown,27.24,19.13,116.4,114.3,89.2,95.1,8.19,10.23,108.8,110.5,100.6,100.3,5.0,6.0,11.3,4.3,16.2,10.4,75,64,8.11,11,0
West Virginia,Kentucky,17.64,36.91,112.6,121.3,94.9,84.4,9.56,8.58,108.9,108.7,99.3,100.1,8.0,10.3,3.5,13.6,11.5,23.9,39,78,-19.269999999999996,-39,1
Wichita St.,Notre Dame,22.21,24.96,115.8,125.4,93.6,100.4,3.24,7.59,105.5,107.7,102.3,100.1,5.1,13.0,8.6,2.8,13.7,15.8,70,81,-2.75,-11,1
North Carolina,Wisconsin,23.85,33.72,119.1,129.0,95.3,95.2,12.76,11.03,111.1,109.8,98.3,98.8,14.9,10.4,2.9,11.3,17.8,21.7,72,79,-9.869999999999997,-7,1
Arizona,Xavier,32.36,19.49,119.9,116.6,87.5,97.1,7.37,10.29,108.3,109.5,100.9,99.2,10.7,8.4,8.9,1.1,19.6,9.5,68,60,12.870000000000001,8,0
North Carolina St.,Louisville,15.93,21.21,114.9,110.2,98.9,88.9,9.84,9.69,109.3,109.5,99.5,99.8,6.4,5.1,4.0,9.8,10.4,14.8,65,75,-5.280000000000001,-10,1
Oklahoma,Michigan St.,22.8,21.72,112.5,116.6,89.7,94.9,11.0,10.49,110.2,110.3,99.2,99.8,7.4,7.6,6.6,6.2,13.9,13.7,58,62,1.0800000000000018,-4,1
Utah,Duke,27.24,32.48,116.4,124.5,89.2,92.0,8.19,11.17,108.8,110.7,100.6,99.5,5.0,16.4,11.3,6.0,16.2,22.4,57,63,-5.239999999999998,-6,1
UCLA,Gonzaga,14.65,27.78,112.9,121.7,98.2,93.9,8.4,4.37,107.9,107.3,99.5,102.9,5.8,11.5,-1.0,4.9,4.8,16.4,62,74,-13.13,-12,1
Kentucky,Notre Dame,36.91,24.96,121.3,125.4,84.4,100.4,8.58,7.59,108.7,107.7,100.1,100.1,10.3,13.0,13.6,2.8,23.9,15.8,68,66,11.949999999999996,2,0
Arizona,Wisconsin,32.36,33.72,119.9,129.0,87.5,95.2,7.37,11.03,108.3,109.8,100.9,98.8,10.7,10.4,8.9,11.3,19.6,21.7,78,85,-1.3599999999999994,-7,1
Louisville,Michigan St.,21.21,21.72,110.2,116.6,88.9,94.9,9.69,10.49,109.5,110.3,99.8,99.8,5.1,7.6,9.8,6.2,14.8,13.7,70,76,-0.509999999999998,-6,1
Duke,Gonzaga,32.48,27.78,124.5,121.7,92.0,93.9,11.17,4.37,110.7,107.3,99.5,102.9,16.4,11.5,6.0,4.9,22.4,16.4,66,52,4.699999999999996,14,0
Kentucky,Wisconsin,36.91,33.72,121.3,129.0,84.4,95.2,8.58,11.03,108.7,109.8,100.1,98.8,10.3,10.4,13.6,11.3,23.9,21.7,64,71,3.1899999999999977,-7,1
Duke,Michigan St.,32.48,21.72,124.5,116.6,92.0,94.9,11.17,10.49,110.7,110.3,99.5,99.8,16.4,7.6,6.0,6.2,22.4,13.7,81,61,10.759999999999998,20,0
Wisconsin,Duke,33.72,32.48,129.0,124.5,95.2,92.0,11.03,11.17,109.8,110.7,98.8,99.5,10.4,16.4,11.3,6.0,21.7,22.4,63,68,1.240000000000002,-5,1
Austin Peay,Kansas,-5.1,29.67,104.5,120.0,109.6,90.4,-2.92,12.61,105.1,111.4,108.0,98.8,0.9,11.8,-4.2,6.6,-3.3,18.5,79,105,-34.77,-26,1
Villanova,UNC Asheville,32.01,3.44,122.8,103.6,90.8,100.1,10.74,-4.12,110.5,103.4,99.7,107.5,8.9,0.8,11.0,1.9,19.9,2.7,86,56,28.569999999999997,30,0
Buffalo,Miami FL,2.95,22.44,105.9,119.4,102.9,96.9,0.97,11.67,106.5,111.6,105.6,99.9,3.9,6.7,-2.0,6.8,1.8,13.5,72,79,-19.490000000000002,-7,1
California,Hawaii,18.32,12.16,112.5,108.2,94.2,96.1,7.65,-2.32,109.4,102.5,101.8,104.9,5.1,2.3,6.7,0.5,11.8,2.9,66,77,6.16,-11,1
South Dakota St.,Maryland,9.57,20.25,111.4,116.2,101.8,95.9,-0.23,8.6,104.6,109.2,104.8,100.6,3.7,6.3,2.6,7.0,6.3,13.3,74,79,-10.68,-5,1
Arizona,Wichita St.,20.97,22.53,116.8,111.3,95.8,88.7,6.66,3.61,107.9,104.8,101.3,101.2,9.6,3.3,5.2,11.1,14.8,14.4,55,65,-1.5600000000000023,-10,1
Temple,Iowa,8.82,20.24,107.0,116.1,98.1,95.9,6.33,9.12,107.8,110.2,101.5,101.1,0.5,7.4,5.4,5.5,5.9,12.9,70,72,-11.419999999999998,-2,1
Colorado,Connecticut,12.91,18.71,108.8,111.9,95.9,93.2,7.51,6.17,109.5,107.6,102.0,101.4,3.9,4.4,4.7,9.1,8.7,13.5,67,74,-5.800000000000001,-7,1
Oregon,Holy Cross,22.68,-11.39,119.1,97.1,96.4,108.5,9.06,-6.09,109.0,101.9,100.0,108.0,8.3,-8.2,4.7,0.4,13.0,-7.7,91,52,34.07,39,0
Oklahoma,Cal St. Bakersfield,23.78,6.26,117.9,104.0,94.1,97.8,13.05,-6.5,111.5,100.6,98.5,107.1,10.1,-1.5,4.8,3.8,14.9,2.2,82,68,17.520000000000003,14,0
Texas A&M,Green Bay,21.26,3.74,113.8,108.3,92.5,104.6,8.48,0.11,109.6,104.4,101.1,104.3,5.5,7.9,7.5,-6.6,13.0,1.3,92,65,17.520000000000003,27,0
UNC Wilmington,Duke,9.21,21.87,110.7,121.9,101.5,100.0,0.85,11.23,105.7,112.0,104.9,100.7,4.6,12.1,-0.4,3.5,4.3,15.6,85,93,-12.66,-8,1
Yale,Baylor,14.33,19.06,110.4,118.9,96.0,99.8,-0.85,11.21,105.5,109.7,106.4,98.4,2.4,7.5,8.1,4.3,10.5,11.8,79,75,-4.729999999999999,4,0
Texas,Northern Iowa,16.19,11.13,113.0,109.6,96.8,98.5,12.54,4.8,111.5,106.1,99.0,101.3,2.7,-1.5,7.0,7.5,9.6,6.0,72,75,5.0600000000000005,-3,1
Oregon St.,VCU,11.65,17.07,110.7,112.1,99.1,95.0,9.61,3.82,109.8,107.3,100.2,103.5,1.8,5.6,5.0,5.0,6.8,10.6,67,75,-5.42,-8,1
Cincinnati,Saint Joseph's,17.06,15.37,111.2,114.3,94.1,98.9,5.2,4.66,107.3,107.0,102.1,102.3,3.3,6.5,9.6,2.2,13.0,8.7,76,78,1.6899999999999995,-2,1
North Carolina,Florida Gulf Coast,29.82,-0.08,124.4,103.6,94.6,103.7,11.45,-5.83,111.7,104.1,100.2,110.0,13.8,-1.0,4.8,0.0,18.7,-1.0,83,67,29.9,16,0
Xavier,Weber St.,22.52,2.45,117.1,103.4,94.6,100.9,8.16,-5.67,108.2,103.3,100.0,109.0,10.1,0.1,4.0,2.7,14.1,2.8,71,53,20.07,18,0
West Virginia,Stephen F. Austin,24.45,15.62,115.3,112.2,90.9,96.6,11.24,-5.88,110.9,102.7,99.6,108.6,8.9,3.1,7.7,6.5,16.5,9.5,56,70,8.83,-14,1
Kentucky,Stony Brook,25.14,8.13,121.8,107.3,96.6,99.1,8.37,-5.6,108.6,103.3,100.3,108.9,9.8,1.5,6.4,6.6,16.2,8.1,85,57,17.009999999999998,28,0
Chattanooga,Indiana,6.5,23.05,107.5,121.7,101.0,98.7,-3.18,6.4,104.4,108.8,107.6,102.4,0.6,11.5,3.6,4.3,4.2,15.8,74,99,-16.55,-25,1
Michigan,Notre Dame,14.15,16.6,114.6,120.6,100.5,104.0,8.96,10.75,110.1,111.3,101.1,100.5,4.1,6.6,6.3,4.4,10.4,11.0,63,70,-2.450000000000001,-7,1
Pittsburgh,Wisconsin,16.6,16.55,114.9,110.1,98.3,93.6,9.06,9.57,110.8,110.3,101.7,100.7,5.2,-0.6,7.1,10.3,12.3,9.8,43,47,0.05000000000000071,-4,1
Providence,USC,14.49,14.25,110.0,113.9,95.5,99.7,8.93,7.61,109.5,108.7,100.6,101.1,3.8,7.7,3.6,-0.4,7.4,7.3,70,69,0.2400000000000002,1,0
Virginia,Hampton,29.64,-7.4,120.6,99.8,91.0,107.2,12.67,-9.75,112.1,98.9,99.5,108.7,3.4,-1.2,15.2,-4.5,18.6,-5.7,81,45,37.04,36,0
Michigan St.,Middle Tennessee,27.97,4.76,123.4,104.6,95.5,99.9,7.19,-0.58,107.5,105.5,100.3,106.1,10.5,-2.1,8.1,3.4,18.6,1.3,81,90,23.21,-9,1
Utah,Fresno St.,16.79,6.63,115.6,107.4,98.8,100.8,9.79,1.65,109.8,105.3,100.0,103.7,6.3,1.7,3.9,0.8,10.1,2.5,80,69,10.16,11,0
Iona,Iowa St.,7.13,20.95,110.5,121.2,103.4,100.3,-1.78,12.05,103.7,110.2,105.5,98.1,6.9,12.3,-2.7,0.5,4.2,12.8,81,94,-13.82,-13,1
Arkansas Little Rock,Purdue,13.24,23.85,109.2,116.9,96.0,93.1,-0.77,7.43,104.2,109.1,104.9,101.7,-1.6,7.7,9.7,8.2,8.1,15.9,85,83,-10.610000000000001,2,0
Seton Hall,Gonzaga,18.27,20.82,111.1,116.3,92.9,95.5,8.55,3.51,108.5,107.3,100.0,103.8,4.7,6.4,6.2,6.1,11.0,12.5,52,68,-2.5500000000000007,-16,1
Syracuse,Dayton,18.57,12.63,112.7,106.6,94.1,94.0,10.21,3.89,110.9,107.3,100.7,103.4,1.5,1.6,9.5,7.4,11.0,9.0,70,51,5.9399999999999995,19,0
Texas Tech,Butler,13.78,17.27,113.2,118.0,99.4,100.7,10.66,8.1,110.4,108.5,99.7,100.4,2.8,8.6,5.1,3.5,7.9,12.1,61,71,-3.49,-10,1
Kansas,Connecticut,29.67,18.71,120.0,111.9,90.4,93.2,12.61,6.17,111.4,107.6,98.8,101.4,11.8,4.4,6.6,9.1,18.5,13.5,73,61,10.96,12,0
Iowa,Villanova,20.24,32.01,116.1,122.8,95.9,90.8,9.12,10.74,110.2,110.5,101.1,99.7,7.4,8.9,5.5,11.0,12.9,19.9,68,87,-11.77,-19,1
Wichita St.,Miami FL,22.53,22.44,111.3,119.4,88.7,96.9,3.61,11.67,104.8,111.6,101.2,99.9,3.3,6.7,11.1,6.8,14.4,13.5,57,65,0.08999999999999986,-8,1
Hawaii,Maryland,12.16,20.25,108.2,116.2,96.1,95.9,-2.32,8.6,102.5,109.2,104.9,100.6,2.3,6.3,0.5,7.0,2.9,13.3,60,73,-8.09,-13,1
Saint Joseph's,Oregon,15.37,22.68,114.3,119.1,98.9,96.4,4.66,9.06,107.0,109.0,102.3,100.0,6.5,8.3,2.2,4.7,8.7,13.0,64,69,-7.3100000000000005,-5,1
VCU,Oklahoma,17.07,23.78,112.1,117.9,95.0,94.1,3.82,13.05,107.3,111.5,103.5,98.5,5.6,10.1,5.0,4.8,10.6,14.9,81,85,-6.710000000000001,-4,1
Northern Iowa,Texas A&M,11.13,21.26,109.6,113.8,98.5,92.5,4.8,8.48,106.1,109.6,101.3,101.1,-1.5,5.5,7.5,7.5,6.0,13.0,88,92,-10.13,-4,1
Yale,Duke,14.33,21.87,110.4,121.9,96.0,100.0,-0.85,11.23,105.5,112.0,106.4,100.7,2.4,12.1,8.1,3.5,10.5,15.6,64,71,-7.540000000000001,-7,1
North Carolina,Providence,29.82,14.49,124.4,110.0,94.6,95.5,11.45,8.93,111.7,109.5,100.2,100.6,13.8,3.8,4.8,3.6,18.7,7.4,85,66,15.33,19,0
Xavier,Wisconsin,22.52,16.55,117.1,110.1,94.6,93.6,8.16,9.57,108.2,110.3,100.0,100.7,10.1,-0.6,4.0,10.3,14.1,9.8,63,66,5.969999999999999,-3,1
Notre Dame,Stephen F. Austin,16.6,15.62,120.6,112.2,104.0,96.6,10.75,-5.88,111.3,102.7,100.5,108.6,6.6,3.1,4.4,6.5,11.0,9.5,76,75,0.9800000000000022,1,0
Kentucky,Indiana,25.14,23.05,121.8,121.7,96.6,98.7,8.37,6.4,108.6,108.8,100.3,102.4,9.8,11.5,6.4,4.3,16.2,15.8,67,73,2.09,-6,1
Virginia,Butler,29.64,17.27,120.6,118.0,91.0,100.7,12.67,8.1,112.1,108.5,99.5,100.4,3.4,8.6,15.2,3.5,18.6,12.1,77,69,12.370000000000001,8,0
Syracuse,Middle Tennessee,18.57,4.76,112.7,104.6,94.1,99.9,10.21,-0.58,110.9,105.5,100.7,106.1,1.5,-2.1,9.5,3.4,11.0,1.3,75,50,13.81,25,0
Utah,Gonzaga,16.79,20.82,115.6,116.3,98.8,95.5,9.79,3.51,109.8,107.3,100.0,103.8,6.3,6.4,3.9,6.1,10.1,12.5,59,82,-4.030000000000001,-23,1
Arkansas Little Rock,Iowa St.,13.24,20.95,109.2,121.2,96.0,100.3,-0.77,12.05,104.2,110.2,104.9,98.1,-1.6,12.3,9.7,0.5,8.1,12.8,61,78,-7.709999999999999,-17,1
Kansas,Maryland,29.67,20.25,120.0,116.2,90.4,95.9,12.61,8.6,111.4,109.2,98.8,100.6,11.8,6.3,6.6,7.0,18.5,13.3,79,63,9.420000000000002,16,0
Miami FL,Villanova,22.44,32.01,119.4,122.8,96.9,90.8,11.67,10.74,111.6,110.5,99.9,99.7,6.7,8.9,6.8,11.0,13.5,19.9,69,92,-9.569999999999997,-23,1
Oregon,Duke,22.68,21.87,119.1,121.9,96.4,100.0,9.06,11.23,109.0,112.0,100.0,100.7,8.3,12.1,4.7,3.5,13.0,15.6,82,68,0.8099999999999987,14,0
Oklahoma,Texas A&M,23.78,21.26,117.9,113.8,94.1,92.5,13.05,8.48,111.5,109.6,98.5,101.1,10.1,5.5,4.8,7.5,14.9,13.0,77,63,2.5199999999999996,14,0
Indiana,North Carolina,23.05,29.82,121.7,124.4,98.7,94.6,6.4,11.45,108.8,111.7,102.4,100.2,11.5,13.8,4.3,4.8,15.8,18.7,86,101,-6.77,-15,1
Wisconsin,Notre Dame,16.55,16.6,110.1,120.6,93.6,104.0,9.57,10.75,110.3,111.3,100.7,100.5,-0.6,6.6,10.3,4.4,9.8,11.0,56,61,-0.05000000000000071,-5,1
Virginia,Iowa St.,29.64,20.95,120.6,121.2,91.0,100.3,12.67,12.05,112.1,110.2,99.5,98.1,3.4,12.3,15.2,0.5,18.6,12.8,84,71,8.690000000000001,13,0
Syracuse,Gonzaga,18.57,20.82,112.7,116.3,94.1,95.5,10.21,3.51,110.9,107.3,100.7,103.8,1.5,6.4,9.5,6.1,11.0,12.5,63,60,-2.25,3,0
Kansas,Villanova,29.67,32.01,120.0,122.8,90.4,90.8,12.61,10.74,111.4,110.5,98.8,99.7,11.8,8.9,6.6,11.0,18.5,19.9,59,64,-2.3399999999999963,-5,1
Oregon,Oklahoma,22.68,23.78,119.1,117.9,96.4,94.1,9.06,13.05,109.0,111.5,100.0,98.5,8.3,10.1,4.7,4.8,13.0,14.9,68,80,-1.1000000000000014,-12,1
Notre Dame,North Carolina,16.6,29.82,120.6,124.4,104.0,94.6,10.75,11.45,111.3,111.7,100.5,100.2,6.6,13.8,4.4,4.8,11.0,18.7,74,88,-13.219999999999999,-14,1
Virginia,Syracuse,29.64,18.57,120.6,112.7,91.0,94.1,12.67,10.21,112.1,110.9,99.5,100.7,3.4,1.5,15.2,9.5,18.6,11.0,62,68,11.07,-6,1
Villanova,Oklahoma,32.01,23.78,122.8,117.9,90.8,94.1,10.74,13.05,110.5,111.5,99.7,98.5,8.9,10.1,11.0,4.8,19.9,14.9,95,51,8.229999999999997,44,0
Syracuse,North Carolina,18.57,29.82,112.7,124.4,94.1,94.6,10.21,11.45,110.9,111.7,100.7,100.2,1.5,13.8,9.5,4.8,11.0,18.7,66,83,-11.25,-17,1
Villanova,North Carolina,32.01,29.82,122.8,124.4,90.8,94.6,10.74,11.45,110.5,111.7,99.7,100.2,8.9,13.8,11.0,4.8,19.9,18.7,77,74,2.1899999999999977,3,0
Mount St. Mary's,Villanova,-3.86,29.88,99.5,122.4,103.4,92.5,-4.49,9.33,102.0,109.8,106.5,100.5,-3.3,11.9,1.4,8.4,-1.9,20.3,56,76,-33.74,-20,1
Troy,Duke,2.04,24.17,109.7,121.0,107.6,96.8,-2.86,11.43,102.4,111.0,105.3,99.6,3.4,11.8,-1.4,5.9,2.0,17.7,65,87,-22.130000000000003,-22,1
Baylor,New Mexico St.,24.23,7.89,117.1,110.5,92.9,102.6,13.08,-4.52,111.7,101.0,98.6,105.6,7.9,3.0,7.1,0.8,15.1,3.9,91,73,16.34,18,0
Florida,East Tennessee St.,27.5,11.1,116.9,108.0,89.5,96.9,12.46,-1.17,110.3,105.4,97.8,106.6,8.5,2.4,9.6,3.7,18.1,6.1,80,65,16.4,15,0
Virginia,UNC Wilmington,24.29,12.46,112.2,118.0,88.0,105.5,11.68,0.4,111.5,105.1,99.8,104.7,5.8,8.0,11.4,-0.4,17.2,7.6,76,71,11.829999999999998,5,0
USC,SMU,13.45,24.73,114.2,119.8,100.7,95.0,5.49,3.25,108.8,105.3,103.3,102.1,6.2,10.3,1.6,5.2,7.8,15.5,66,65,-11.280000000000001,1,0
Marquette,South Carolina,16.58,20.8,120.8,108.9,104.2,88.1,9.03,10.63,109.1,110.2,100.1,99.5,9.8,2.0,1.0,9.4,10.8,11.4,73,93,-4.220000000000002,-20,1
Wisconsin,Virginia Tech,22.99,13.8,115.1,117.3,92.1,103.5,10.0,8.23,110.6,110.0,100.6,101.7,6.7,7.8,8.3,1.0,15.0,8.8,84,74,9.189999999999998,10,0
South Dakota St.,Gonzaga,-1.19,32.05,110.2,118.4,111.4,86.3,-0.59,2.99,104.9,106.2,105.5,103.3,3.1,10.8,-4.1,9.5,-1.0,20.4,46,66,-33.239999999999995,-20,1
Arizona,North Dakota,23.31,0.04,118.4,103.6,95.1,103.5,7.13,-5.66,108.7,103.0,101.5,108.6,8.8,1.2,5.9,0.2,14.7,1.4,100,82,23.27,18,0
Florida St.,Florida Gulf Coast,20.06,5.07,115.5,109.4,95.5,104.4,8.82,-4.8,110.6,103.7,101.8,108.5,7.6,3.9,6.3,1.5,13.9,5.4,86,80,14.989999999999998,6,0
West Virginia,Bucknell,27.17,9.38,116.5,109.7,89.4,100.3,10.84,-3.62,110.1,101.4,99.2,105.0,8.2,2.8,9.4,2.4,17.6,5.2,86,80,17.79,6,0
Notre Dame,Princeton,19.74,12.61,118.1,109.0,98.4,96.4,10.24,-1.08,110.1,103.9,99.8,105.0,9.8,3.9,4.1,4.4,13.9,8.3,60,58,7.129999999999999,2,0
Xavier,Maryland,16.7,14.34,115.7,113.1,99.0,98.7,11.73,7.74,111.2,108.3,99.5,100.6,6.8,4.7,3.6,4.2,10.4,8.9,76,65,2.3599999999999994,11,0
VCU,Saint Mary's,14.07,23.67,110.1,118.7,96.0,95.0,3.65,0.41,105.8,104.3,102.2,103.9,3.5,10.9,6.2,5.7,9.7,16.6,77,85,-9.600000000000001,-8,1
Vanderbilt,Northwestern,16.53,15.81,112.4,111.3,95.9,95.5,11.43,8.32,110.1,109.0,98.7,100.7,5.5,3.6,4.7,5.8,10.2,9.4,66,68,0.7200000000000006,-2,1
UC Davis,Kansas,-4.41,27.45,97.8,121.9,102.2,94.5,-5.31,12.43,100.8,111.2,106.1,98.8,-3.4,12.1,0.5,6.3,-2.9,18.4,62,100,-31.86,-38,1
Jacksonville St.,Louisville,0.63,25.51,105.8,117.2,105.2,91.7,-1.68,11.14,104.2,111.6,105.9,100.5,1.0,7.9,-1.2,9.9,-0.2,17.8,63,78,-24.880000000000003,-15,1
Oregon,Iona,25.02,4.2,118.2,110.8,93.2,106.6,8.05,-1.94,109.2,103.7,101.2,105.7,10.7,4.3,6.8,-3.2,17.4,1.2,93,77,20.82,16,0
Purdue,Vermont,23.12,11.67,117.0,111.1,93.9,99.4,9.0,-4.42,109.6,103.0,100.6,107.4,8.9,4.7,7.2,4.3,16.1,9.0,80,70,11.450000000000001,10,0
Iowa St.,Nevada,23.45,13.31,119.7,114.6,96.3,101.3,14.05,1.29,112.6,104.5,98.6,103.2,9.6,7.4,5.1,1.6,14.7,9.0,84,73,10.139999999999999,11,0
Creighton,Rhode Island,18.83,16.26,115.3,111.5,96.5,95.2,8.97,4.27,110.3,106.8,101.3,102.5,8.1,4.8,3.9,5.6,12.0,10.4,72,84,2.5699999999999967,-12,1
Michigan,Oklahoma St.,23.05,22.48,122.3,126.0,99.2,103.5,10.76,14.42,110.3,112.0,99.5,97.6,11.6,11.1,3.9,1.3,15.6,12.4,92,91,0.5700000000000003,1,0
Miami FL,Michigan St.,15.03,15.51,109.9,111.4,94.9,95.9,9.39,10.99,110.7,110.6,101.3,99.6,4.5,4.6,6.2,5.1,10.7,9.7,58,78,-0.4800000000000004,-20,1
Texas Southern,North Carolina,-4.04,28.22,103.5,120.7,107.5,92.5,-8.49,12.49,100.2,112.0,108.7,99.5,1.3,11.3,-2.2,8.2,-0.9,19.4,64,103,-32.26,-39,1
Kentucky,Northern Kentucky,27.72,1.91,119.1,106.8,91.4,104.9,10.98,-3.35,110.5,102.9,99.5,106.3,9.6,0.5,7.9,-0.7,17.5,-0.2,79,70,25.81,9,0
Kent St.,UCLA,1.68,23.63,104.9,124.0,103.3,100.4,-1.92,5.17,104.4,108.0,106.3,102.8,0.7,14.4,0.7,2.4,1.4,16.8,80,97,-21.95,-17,1
Butler,Winthrop,20.76,4.53,117.7,106.1,97.0,101.6,10.81,-7.13,110.8,100.7,100.0,107.8,8.6,1.5,4.7,2.3,13.3,3.7,76,64,16.23,12,0
Middle Tennessee,Minnesota,14.95,16.0,112.2,109.7,97.2,93.7,-0.93,8.09,104.4,108.9,105.3,100.8,4.9,2.5,4.5,7.3,9.5,9.8,81,72,-1.0500000000000007,9,0
Cincinnati,Kansas St.,22.18,17.44,114.9,113.0,92.8,95.6,4.17,11.56,107.1,110.6,103.0,99.0,7.0,5.1,7.8,5.1,14.8,10.2,75,61,4.739999999999998,14,0
Dayton,Wichita St.,15.57,26.14,111.9,118.7,96.3,92.6,3.64,1.5,105.9,105.0,102.3,103.5,4.6,7.2,5.6,8.5,10.2,15.7,58,64,-10.57,-6,1
Arkansas,Seton Hall,16.25,13.63,116.1,109.4,99.8,95.8,8.37,9.65,108.6,110.2,100.2,100.6,6.5,4.1,3.1,4.3,9.6,8.4,77,71,2.619999999999999,6,0
Villanova,Wisconsin,29.88,22.99,122.4,115.1,92.5,92.1,9.33,10.0,109.8,110.6,100.5,100.6,11.9,6.7,8.4,8.3,20.3,15.0,62,65,6.890000000000001,-3,1
South Carolina,Duke,20.8,24.17,108.9,121.0,88.1,96.8,10.63,11.43,110.2,111.0,99.5,99.6,2.0,11.8,9.4,5.9,11.4,17.7,88,81,-3.370000000000001,7,0
USC,Baylor,13.45,24.23,114.2,117.1,100.7,92.9,5.49,13.08,108.8,111.7,103.3,98.6,6.2,7.9,1.6,7.1,7.8,15.1,78,82,-10.780000000000001,-4,1
Virginia,Florida,24.29,27.5,112.2,116.9,88.0,89.5,11.68,12.46,111.5,110.3,99.8,97.8,5.8,8.5,11.4,9.6,17.2,18.1,39,65,-3.210000000000001,-26,1
Northwestern,Gonzaga,15.81,32.05,111.3,118.4,95.5,86.3,8.32,2.99,109.0,106.2,100.7,103.3,3.6,10.8,5.8,9.5,9.4,20.4,73,79,-16.239999999999995,-6,1
Saint Mary's,Arizona,23.67,23.31,118.7,118.4,95.0,95.1,0.41,7.13,104.3,108.7,103.9,101.5,10.9,8.8,5.7,5.9,16.6,14.7,60,69,0.360000000000003,-9,1
Florida St.,Xavier,20.06,16.7,115.5,115.7,95.5,99.0,8.82,11.73,110.6,111.2,101.8,99.5,7.6,6.8,6.3,3.6,13.9,10.4,66,91,3.3599999999999994,-25,1
Notre Dame,West Virginia,19.74,27.17,118.1,116.5,98.4,89.4,10.24,10.84,110.1,110.1,99.8,99.2,9.8,8.2,4.1,9.4,13.9,17.6,71,83,-7.430000000000003,-12,1
Michigan St.,Kansas,15.51,27.45,111.4,121.9,95.9,94.5,10.99,12.43,110.6,111.2,99.6,98.8,4.6,12.1,5.1,6.3,9.7,18.4,70,90,-11.94,-20,1
Michigan,Louisville,23.05,25.51,122.3,117.2,99.2,91.7,10.76,11.14,110.3,111.6,99.5,100.5,11.6,7.9,3.9,9.9,15.6,17.8,73,69,-2.460000000000001,4,0
Oregon,Rhode Island,25.02,16.26,118.2,111.5,93.2,95.2,8.05,4.27,109.2,106.8,101.2,102.5,10.7,4.8,6.8,5.6,17.4,10.4,75,72,8.759999999999998,3,0
Purdue,Iowa St.,23.12,23.45,117.0,119.7,93.9,96.3,9.0,14.05,109.6,112.6,100.6,98.6,8.9,9.6,7.2,5.1,16.1,14.7,80,76,-0.3299999999999983,4,0
Arkansas,North Carolina,16.25,28.22,116.1,120.7,99.8,92.5,8.37,12.49,108.6,112.0,100.2,99.5,6.5,11.3,3.1,8.2,9.6,19.4,65,72,-11.969999999999999,-7,1
Kentucky,Wichita St.,27.72,26.14,119.1,118.7,91.4,92.6,10.98,1.5,110.5,105.0,99.5,103.5,9.6,7.2,7.9,8.5,17.5,15.7,65,62,1.5799999999999983,3,0
Cincinnati,UCLA,22.18,23.63,114.9,124.0,92.8,100.4,4.17,5.17,107.1,108.0,103.0,102.8,7.0,14.4,7.8,2.4,14.8,16.8,67,79,-1.4499999999999993,-12,1
Butler,Middle Tennessee,20.76,14.95,117.7,112.2,97.0,97.2,10.81,-0.93,110.8,104.4,100.0,105.3,8.6,4.9,4.7,4.5,13.3,9.5,74,65,5.810000000000002,9,0
Wisconsin,Florida,22.99,27.5,115.1,116.9,92.1,89.5,10.0,12.46,110.6,110.3,100.6,97.8,6.7,8.5,8.3,9.6,15.0,18.1,83,84,-4.510000000000002,-1,1
Baylor,South Carolina,24.23,20.8,117.1,108.9,92.9,88.1,13.08,10.63,111.7,110.2,98.6,99.5,7.9,2.0,7.1,9.4,15.1,11.4,50,70,3.4299999999999997,-20,1
Gonzaga,West Virginia,32.05,27.17,118.4,116.5,86.3,89.4,2.99,10.84,106.2,110.1,103.3,99.2,10.8,8.2,9.5,9.4,20.4,17.6,61,58,4.8799999999999955,3,0
Arizona,Xavier,23.31,16.7,118.4,115.7,95.1,99.0,7.13,11.73,108.7,111.2,101.5,99.5,8.8,6.8,5.9,3.6,14.7,10.4,71,73,6.609999999999999,-2,1
Kansas,Purdue,27.45,23.12,121.9,117.0,94.5,93.9,12.43,9.0,111.2,109.6,98.8,100.6,12.1,8.9,6.3,7.2,18.4,16.1,98,66,4.329999999999998,32,0
Oregon,Michigan,25.02,23.05,118.2,122.3,93.2,99.2,8.05,10.76,109.2,110.3,101.2,99.5,10.7,11.6,6.8,3.9,17.4,15.6,69,68,1.9699999999999989,1,0
North Carolina,Butler,28.22,20.76,120.7,117.7,92.5,97.0,12.49,10.81,112.0,110.8,99.5,100.0,11.3,8.6,8.2,4.7,19.4,13.3,92,80,7.459999999999997,12,0
Kentucky,UCLA,27.72,23.63,119.1,124.0,91.4,100.4,10.98,5.17,110.5,108.0,99.5,102.8,9.6,14.4,7.9,2.4,17.5,16.8,86,75,4.09,11,0
South Carolina,Florida,20.8,27.5,108.9,116.9,88.1,89.5,10.63,12.46,110.2,110.3,99.5,97.8,2.0,8.5,9.4,9.6,11.4,18.1,77,70,-6.699999999999999,7,0
Xavier,Gonzaga,16.7,32.05,115.7,118.4,99.0,86.3,11.73,2.99,111.2,106.2,99.5,103.3,6.8,10.8,3.6,9.5,10.4,20.4,59,83,-15.349999999999998,-24,1
Kansas,Oregon,27.45,25.02,121.9,118.2,94.5,93.2,12.43,8.05,111.2,109.2,98.8,101.2,12.1,10.7,6.3,6.8,18.4,17.4,60,74,2.4299999999999997,-14,1
North Carolina,Kentucky,28.22,27.72,120.7,119.1,92.5,91.4,12.49,10.98,112.0,110.5,99.5,99.5,11.3,9.6,8.2,7.9,19.4,17.5,75,73,0.5,2,0
Gonzaga,South Carolina,32.05,20.8,118.4,108.9,86.3,88.1,2.99,10.63,106.2,110.2,103.3,99.5,10.8,2.0,9.5,9.4,20.4,11.4,77,73,11.249999999999996,4,0
North Carolina,Oregon,28.22,25.02,120.7,118.2,92.5,93.2,12.49,8.05,112.0,109.2,99.5,101.2,11.3,10.7,8.2,6.8,19.4,17.4,77,76,3.1999999999999993,1,0
Gonzaga,North Carolina,32.05,28.22,118.4,120.7,86.3,92.5,2.99,12.49,106.2,112.0,103.3,99.5,10.8,11.3,9.5,8.2,20.4,19.4,65,71,3.8299999999999983,-6,1
Virginia,UMBC,29.53,0.5,115.2,103.1,85.6,102.6,9.24,-4.38,110.0,102.7,100.7,107.1,7.0,-0.2,13.2,0.9,20.2,0.7,54,74,29.03,-20,1
Georgia St.,Cincinnati,6.92,26.6,108.8,113.4,101.9,86.8,-2.51,3.46,103.4,106.9,105.9,103.4,2.0,6.3,2.4,12.2,4.4,18.5,53,68,-19.68,-15,1
Tennessee,Wright St.,22.27,2.89,114.6,100.6,92.4,97.7,11.01,-3.79,111.2,102.7,100.2,106.5,6.0,-2.9,8.3,4.6,14.4,1.7,73,47,19.38,26,0
Buffalo,Arizona,11.53,17.7,114.7,118.0,103.2,100.4,-0.06,5.96,105.1,108.5,105.2,102.5,5.3,9.4,1.4,2.5,6.7,11.9,89,68,-6.17,21,0
Davidson,Kentucky,14.7,20.44,117.0,115.8,102.3,95.4,2.11,10.91,105.6,110.8,103.5,99.8,8.9,7.0,1.7,5.9,10.7,12.9,73,78,-5.740000000000002,-5,1
Miami FL,Loyola Chicago,15.43,16.39,112.9,111.4,97.4,95.0,8.08,2.48,109.1,104.8,101.0,102.3,4.9,4.6,5.7,5.0,10.6,9.6,62,64,-0.9600000000000009,-2,1
Nevada,Texas,18.39,15.43,120.2,109.5,101.8,94.1,5.13,11.77,107.0,111.4,101.8,99.6,9.4,3.2,1.7,6.8,11.2,10.0,87,83,2.960000000000001,4,0
Creighton,Kansas St.,16.91,14.77,115.5,110.1,98.6,95.3,9.4,9.39,110.8,111.0,101.4,101.6,8.1,3.5,4.1,5.7,12.2,9.2,59,69,2.1400000000000006,-10,1
Texas Southern,Xavier,-6.65,21.51,104.6,120.1,111.2,98.6,-6.3,9.35,101.0,109.9,107.3,100.6,0.7,10.5,-4.3,4.2,-3.6,14.7,83,102,-28.160000000000004,-19,1
North Carolina,Lipscomb,23.59,0.43,120.3,103.2,96.7,102.8,13.26,-4.31,111.6,103.2,98.3,107.5,10.3,-0.8,5.8,0.5,16.1,-0.2,84,66,23.16,18,0
Michigan,Montana,24.2,10.4,114.7,108.8,90.5,98.4,10.32,-1.96,111.4,104.0,101.1,106.0,6.5,1.2,8.5,2.5,15.1,3.7,61,47,13.799999999999999,14,0
Gonzaga,UNC Greensboro,23.03,9.22,118.1,104.9,95.1,95.7,1.57,-4.57,106.4,103.7,104.8,108.2,9.4,0.1,5.9,6.0,15.4,6.1,68,64,13.81,4,0
Ohio St.,South Dakota St.,21.16,10.2,116.0,113.8,94.9,103.6,8.75,-0.09,109.8,105.8,101.1,105.9,7.3,6.0,6.6,-0.1,13.8,5.9,81,73,10.96,8,0
Houston,San Diego St.,20.24,14.09,114.6,110.5,94.4,96.4,3.9,3.46,106.6,107.2,102.7,103.8,6.8,3.6,6.6,5.1,13.4,8.8,67,65,6.149999999999999,2,0
Texas A&M,Providence,16.96,12.17,111.3,108.9,94.4,96.7,11.69,10.58,111.8,111.6,100.1,101.1,4.1,2.5,6.7,5.1,10.8,7.7,73,69,4.790000000000001,4,0
Florida St.,Missouri,17.77,14.83,114.3,111.9,96.5,97.0,9.27,9.55,109.6,109.8,100.3,100.2,6.2,4.4,5.3,4.8,11.5,9.1,67,54,2.9399999999999995,13,0
Villanova,Radford,33.76,0.07,127.8,102.9,94.0,102.9,11.31,-4.03,111.3,102.8,100.0,106.9,15.5,-1.0,7.3,1.1,22.8,0.1,87,61,33.69,26,0
Purdue,Cal St. Fullerton,26.27,0.62,122.7,103.7,96.4,103.1,9.02,-1.2,109.1,103.8,100.1,105.0,12.0,-1.8,7.0,1.1,19.0,-0.7,74,48,25.65,26,0
Stephen F. Austin,Texas Tech,5.58,22.59,104.5,113.3,99.0,90.8,-7.16,10.31,100.6,110.7,107.8,100.4,0.1,5.8,3.4,9.3,3.5,15.1,60,70,-17.009999999999998,-10,1
Marshall,Wichita St.,6.53,19.03,109.4,121.0,102.9,101.9,0.07,5.13,105.6,107.3,105.5,102.2,2.5,10.4,0.6,3.8,3.1,14.2,81,75,-12.5,6,0
Murray St.,West Virginia,12.19,22.44,112.9,119.4,100.7,96.9,-3.56,10.59,102.9,109.9,106.4,99.3,5.6,9.4,2.0,6.4,7.6,15.8,68,85,-10.250000000000002,-17,1
Florida,St. Bonaventure,18.96,11.21,114.5,110.8,95.5,99.5,10.74,2.8,110.2,107.0,99.5,104.2,6.5,4.2,5.6,3.8,12.1,8.0,77,62,7.75,15,0
Arkansas,Butler,14.69,19.05,116.3,116.2,101.7,97.2,9.9,11.21,110.5,112.0,100.6,100.8,7.6,7.0,2.4,5.4,10.0,12.4,62,79,-4.360000000000001,-17,1
Virginia Tech,Alabama,16.03,13.41,115.3,108.7,99.3,95.2,7.91,11.17,109.2,110.9,101.3,99.7,8.0,2.7,3.2,6.0,11.2,8.6,83,86,2.620000000000001,-3,1
Kansas,Penn,23.49,3.69,120.9,103.1,97.4,99.4,12.41,-4.15,111.7,103.7,99.3,107.8,11.2,-0.1,5.2,4.3,16.5,4.2,76,60,19.799999999999997,16,0
Duke,Iona,28.86,2.63,122.4,110.0,93.6,107.3,10.6,-2.12,110.4,103.1,99.8,105.2,12.4,4.4,7.5,-1.3,19.8,3.1,89,67,26.23,22,0
Michigan St.,Bucknell,25.41,7.31,119.2,109.5,93.8,102.2,6.64,-4.35,108.6,102.8,101.9,107.1,10.1,3.8,7.7,2.6,17.8,6.4,82,78,18.1,4,0
College of Charleston,Auburn,5.16,18.69,108.7,115.4,103.6,96.7,-4.06,7.52,104.8,108.8,108.9,101.3,2.3,7.1,0.9,5.1,3.3,12.2,58,62,-13.530000000000001,-4,1
Clemson,New Mexico St.,21.65,12.92,114.2,107.9,92.6,95.0,10.22,-1.4,110.6,104.0,100.4,105.4,6.0,1.7,7.9,5.3,14.0,6.9,79,68,8.729999999999999,11,0
TCU,Syracuse,18.47,14.82,119.7,107.0,101.2,92.2,9.67,9.81,110.7,111.3,101.0,101.5,9.6,1.2,2.7,8.3,12.3,9.4,52,57,3.6499999999999986,-5,1
Oklahoma,Rhode Island,14.16,13.93,114.6,111.1,100.5,97.2,11.68,3.49,111.3,107.6,99.6,104.1,6.8,4.7,2.7,5.9,9.4,10.5,78,83,0.23000000000000043,-5,1
Seton Hall,North Carolina St.,18.04,14.52,116.9,116.3,98.8,101.8,10.12,7.71,110.5,108.6,100.4,100.9,7.7,nan,4.0,nan,11.7,nan,94,83,3.5199999999999996,11,0
UMBC,Kansas St.,0.5,14.77,103.1,110.1,102.6,95.3,-4.38,9.39,102.7,111.0,107.1,101.6,-0.2,3.5,0.9,5.7,0.7,9.2,43,50,-14.27,-7,1
Nevada,Cincinnati,18.39,26.6,120.2,113.4,101.8,86.8,5.13,3.46,107.0,106.9,101.8,103.4,9.4,6.3,1.7,12.2,11.2,18.5,75,73,-8.21,2,0
Tennessee,Loyola Chicago,22.27,16.39,114.6,111.4,92.4,95.0,11.01,2.48,111.2,104.8,100.2,102.3,6.0,4.6,8.3,5.0,14.4,9.6,62,63,5.879999999999999,-1,1
Buffalo,Kentucky,11.53,20.44,114.7,115.8,103.2,95.4,-0.06,10.91,105.1,110.8,105.2,99.8,5.3,7.0,1.4,5.9,6.7,12.9,75,95,-8.910000000000002,-20,1
Florida St.,Xavier,17.77,21.51,114.3,120.1,96.5,98.6,9.27,9.35,109.6,109.9,100.3,100.6,6.2,10.5,5.3,4.2,11.5,14.7,75,70,-3.740000000000002,5,0
North Carolina,Texas A&M,23.59,16.96,120.3,111.3,96.7,94.4,13.26,11.69,111.6,111.8,98.3,100.1,10.3,4.1,5.8,6.7,16.1,10.8,65,86,6.629999999999999,-21,1
Michigan,Houston,24.2,20.24,114.7,114.6,90.5,94.4,10.32,3.9,111.4,106.6,101.1,102.7,6.5,6.8,8.5,6.6,15.1,13.4,64,63,3.960000000000001,1,0
Gonzaga,Ohio St.,23.03,21.16,118.1,116.0,95.1,94.9,1.57,8.75,106.4,109.8,104.8,101.1,9.4,7.3,5.9,6.6,15.4,13.8,90,84,1.870000000000001,6,0
Villanova,Alabama,33.76,13.41,127.8,108.7,94.0,95.2,11.31,11.17,111.3,110.9,100.0,99.7,15.5,2.7,7.3,6.0,22.8,8.6,81,58,20.349999999999998,23,0
Purdue,Butler,26.27,19.05,122.7,116.2,96.4,97.2,9.02,11.21,109.1,112.0,100.1,100.8,12.0,7.0,7.0,5.4,19.0,12.4,76,73,7.219999999999999,3,0
Texas Tech,Florida,22.59,18.96,113.3,114.5,90.8,95.5,10.31,10.74,110.7,110.2,100.4,99.5,5.8,6.5,9.3,5.6,15.1,12.1,69,66,3.629999999999999,3,0
Marshall,West Virginia,6.53,22.44,109.4,119.4,102.9,96.9,0.07,10.59,105.6,109.9,105.5,99.3,2.5,9.4,0.6,6.4,3.1,15.8,71,94,-15.91,-23,1
Kansas,Seton Hall,23.49,18.04,120.9,116.9,97.4,98.8,12.41,10.12,111.7,110.5,99.3,100.4,11.2,7.7,5.2,4.0,16.5,11.7,83,79,5.449999999999999,4,0
Rhode Island,Duke,13.93,28.86,111.1,122.4,97.2,93.6,3.49,10.6,107.6,110.4,104.1,99.8,4.7,12.4,5.9,7.5,10.5,19.8,62,87,-14.93,-25,1
Michigan St.,Syracuse,25.41,14.82,119.2,107.0,93.8,92.2,6.64,9.81,108.6,111.3,101.9,101.5,10.1,1.2,7.7,8.3,17.8,9.4,53,55,10.59,-2,1
Clemson,Auburn,21.65,18.69,114.2,115.4,92.6,96.7,10.22,7.52,110.6,108.8,100.4,101.3,6.0,7.1,7.9,5.1,14.0,12.2,84,53,2.9599999999999973,31,0
Kentucky,Kansas St.,20.44,14.77,115.8,110.1,95.4,95.3,10.91,9.39,110.8,111.0,99.8,101.6,7.0,3.5,5.9,5.7,12.9,9.2,58,61,5.670000000000002,-3,1
Nevada,Loyola Chicago,18.39,16.39,120.2,111.4,101.8,95.0,5.13,2.48,107.0,104.8,101.8,102.3,9.4,4.6,1.7,5.0,11.2,9.6,68,69,2.0,-1,1
Gonzaga,Florida St.,23.03,17.77,118.1,114.3,95.1,96.5,1.57,9.27,106.4,109.6,104.8,100.3,9.4,6.2,5.9,5.3,15.4,11.5,60,75,5.260000000000002,-15,1
Michigan,Texas A&M,24.2,16.96,114.7,111.3,90.5,94.4,10.32,11.69,111.4,111.8,101.1,100.1,6.5,4.1,8.5,6.7,15.1,10.8,99,72,7.239999999999998,27,0
West Virginia,Villanova,22.44,33.76,119.4,127.8,96.9,94.0,10.59,11.31,109.9,111.3,99.3,100.0,9.4,15.5,6.4,7.3,15.8,22.8,78,90,-11.319999999999997,-12,1
Purdue,Texas Tech,26.27,22.59,122.7,113.3,96.4,90.8,9.02,10.31,109.1,110.7,100.1,100.4,12.0,5.8,7.0,9.3,19.0,15.1,65,78,3.6799999999999997,-13,1
Clemson,Kansas,21.65,23.49,114.2,120.9,92.6,97.4,10.22,12.41,110.6,111.7,100.4,99.3,6.0,11.2,7.9,5.2,14.0,16.5,76,80,-1.8399999999999999,-4,1
Syracuse,Duke,14.82,28.86,107.0,122.4,92.2,93.6,9.81,10.6,111.3,110.4,101.5,99.8,1.2,12.4,8.3,7.5,9.4,19.8,65,69,-14.04,-4,1
Kansas St.,Loyola Chicago,14.77,16.39,110.1,111.4,95.3,95.0,9.39,2.48,111.0,104.8,101.6,102.3,3.5,4.6,5.7,5.0,9.2,9.6,62,78,-1.620000000000001,-16,1
Florida St.,Michigan,17.77,24.2,114.3,114.7,96.5,90.5,9.27,10.32,109.6,111.4,100.3,101.1,6.2,6.5,5.3,8.5,11.5,15.1,54,58,-6.43,-4,1
Villanova,Texas Tech,33.76,22.59,127.8,113.3,94.0,90.8,11.31,10.31,111.3,110.7,100.0,100.4,15.5,5.8,7.3,9.3,22.8,15.1,71,59,11.169999999999998,12,0
Duke,Kansas,28.86,23.49,122.4,120.9,93.6,97.4,10.6,12.41,110.4,111.7,99.8,99.3,12.4,11.2,7.5,5.2,19.8,16.5,81,85,5.370000000000001,-4,1
Loyola Chicago,Michigan,16.39,24.2,111.4,114.7,95.0,90.5,2.48,10.32,104.8,111.4,102.3,101.1,4.6,6.5,5.0,8.5,9.6,15.1,57,69,-7.809999999999999,-12,1
Kansas,Villanova,23.49,33.76,120.9,127.8,97.4,94.0,12.41,11.31,111.7,111.3,99.3,100.0,11.2,15.5,5.2,7.3,16.5,22.8,79,95,-10.27,-16,1
Michigan,Villanova,24.2,33.76,114.7,127.8,90.5,94.0,10.32,11.31,111.4,111.3,101.1,100.0,6.5,15.5,8.5,7.3,15.1,22.8,62,79,-9.559999999999999,-17,1
